run,phase,iteration,case,latency_ms,status,route,compile_submissions,eager_fallback,max_abs_error
default-r1,serving,0,batch0_contiguous,807.113775,ok,compiled_new_variant,1,False,0.0
default-r1,serving,0,batch1_contiguous,330.267358,ok,compiled_new_variant,1,False,1.4901161193847656e-08
default-r1,serving,0,batch2_contiguous,153.567059,ok,compiled_new_variant,1,False,5.960464477539063e-08
default-r1,serving,0,batch4_contiguous,86.732465,ok,compiled_new_variant,1,False,5.960464477539063e-08
default-r1,serving,0,batch2_strided,136.130124,ok,compiled_new_variant,1,False,5.960464477539063e-08
default-r1,serving,0,batch3_strided_late,133.336171,ok,compiled_new_variant,1,False,5.960464477539063e-08
default-r1,serving,1,batch0_contiguous,0.148559,ok,compiled_cache,0,False,0.0
default-r1,serving,1,batch1_contiguous,0.126508,ok,compiled_cache,0,False,1.4901161193847656e-08
default-r1,serving,1,batch2_contiguous,0.098169,ok,compiled_cache,0,False,5.960464477539063e-08
default-r1,serving,1,batch4_contiguous,0.090529,ok,compiled_cache,0,False,5.960464477539063e-08
default-r1,serving,1,batch2_strided,0.107939,ok,compiled_cache,0,False,5.960464477539063e-08
default-r1,serving,1,batch3_strided_late,0.088719,ok,compiled_cache,0,False,5.960464477539063e-08
default-r1,serving,2,batch0_contiguous,0.055838,ok,compiled_cache,0,False,0.0
default-r1,serving,2,batch1_contiguous,0.071709,ok,compiled_cache,0,False,1.4901161193847656e-08
default-r1,serving,2,batch2_contiguous,0.072729,ok,compiled_cache,0,False,5.960464477539063e-08
default-r1,serving,2,batch4_contiguous,0.07188,ok,compiled_cache,0,False,5.960464477539063e-08
default-r1,serving,2,batch2_strided,0.071389,ok,compiled_cache,0,False,5.960464477539063e-08
default-r1,serving,2,batch3_strided_late,0.080508,ok,compiled_cache,0,False,5.960464477539063e-08
default-r1,serving,3,batch0_contiguous,0.053848,ok,compiled_cache,0,False,0.0
default-r1,serving,3,batch1_contiguous,0.065059,ok,compiled_cache,0,False,1.4901161193847656e-08
default-r1,serving,3,batch2_contiguous,0.06524,ok,compiled_cache,0,False,5.960464477539063e-08
default-r1,serving,3,batch4_contiguous,0.073649,ok,compiled_cache,0,False,5.960464477539063e-08
default-r1,serving,3,batch2_strided,0.06981,ok,compiled_cache,0,False,5.960464477539063e-08
default-r1,serving,3,batch3_strided_late,0.067539,ok,compiled_cache,0,False,5.960464477539063e-08
default-r1,serving,4,batch0_contiguous,0.04852,ok,compiled_cache,0,False,0.0
default-r1,serving,4,batch1_contiguous,0.073209,ok,compiled_cache,0,False,1.4901161193847656e-08
default-r1,serving,4,batch2_contiguous,0.071389,ok,compiled_cache,0,False,5.960464477539063e-08
default-r1,serving,4,batch4_contiguous,0.06533,ok,compiled_cache,0,False,5.960464477539063e-08
default-r1,serving,4,batch2_strided,0.068479,ok,compiled_cache,0,False,5.960464477539063e-08
default-r1,serving,4,batch3_strided_late,0.071279,ok,compiled_cache,0,False,5.960464477539063e-08
default-r1,serving,5,batch0_contiguous,0.051019,ok,compiled_cache,0,False,0.0
default-r1,serving,5,batch1_contiguous,0.063029,ok,compiled_cache,0,False,1.4901161193847656e-08
default-r1,serving,5,batch2_contiguous,0.065729,ok,compiled_cache,0,False,5.960464477539063e-08
default-r1,serving,5,batch4_contiguous,0.065649,ok,compiled_cache,0,False,5.960464477539063e-08
default-r1,serving,5,batch2_strided,0.06962,ok,compiled_cache,0,False,5.960464477539063e-08
default-r1,serving,5,batch3_strided_late,0.066959,ok,compiled_cache,0,False,5.960464477539063e-08
default-r1,serving,6,batch0_contiguous,0.047668,ok,compiled_cache,0,False,0.0
default-r1,serving,6,batch1_contiguous,0.062999,ok,compiled_cache,0,False,1.4901161193847656e-08
default-r1,serving,6,batch2_contiguous,0.064519,ok,compiled_cache,0,False,5.960464477539063e-08
default-r1,serving,6,batch4_contiguous,0.070009,ok,compiled_cache,0,False,5.960464477539063e-08
default-r1,serving,6,batch2_strided,0.087589,ok,compiled_cache,0,False,5.960464477539063e-08
default-r1,serving,6,batch3_strided_late,0.072909,ok,compiled_cache,0,False,5.960464477539063e-08
default-r1,serving,7,batch0_contiguous,0.04782,ok,compiled_cache,0,False,0.0
default-r1,serving,7,batch1_contiguous,0.060539,ok,compiled_cache,0,False,1.4901161193847656e-08
default-r1,serving,7,batch2_contiguous,0.075279,ok,compiled_cache,0,False,5.960464477539063e-08
default-r1,serving,7,batch4_contiguous,0.066099,ok,compiled_cache,0,False,5.960464477539063e-08
default-r1,serving,7,batch2_strided,0.06829,ok,compiled_cache,0,False,5.960464477539063e-08
default-r1,serving,7,batch3_strided_late,0.067829,ok,compiled_cache,0,False,5.960464477539063e-08
default-r1,serving,8,batch0_contiguous,0.050339,ok,compiled_cache,0,False,0.0
default-r1,serving,8,batch1_contiguous,0.064608,ok,compiled_cache,0,False,1.4901161193847656e-08
default-r1,serving,8,batch2_contiguous,0.063199,ok,compiled_cache,0,False,5.960464477539063e-08
default-r1,serving,8,batch4_contiguous,0.062519,ok,compiled_cache,0,False,5.960464477539063e-08
default-r1,serving,8,batch2_strided,0.068439,ok,compiled_cache,0,False,5.960464477539063e-08
default-r1,serving,8,batch3_strided_late,0.070339,ok,compiled_cache,0,False,5.960464477539063e-08
default-r1,serving,9,batch0_contiguous,0.047369,ok,compiled_cache,0,False,0.0
default-r1,serving,9,batch1_contiguous,0.060191,ok,compiled_cache,0,False,1.4901161193847656e-08
default-r1,serving,9,batch2_contiguous,0.065579,ok,compiled_cache,0,False,5.960464477539063e-08
default-r1,serving,9,batch4_contiguous,0.069579,ok,compiled_cache,0,False,5.960464477539063e-08
default-r1,serving,9,batch2_strided,0.068969,ok,compiled_cache,0,False,5.960464477539063e-08
default-r1,serving,9,batch3_strided_late,0.066409,ok,compiled_cache,0,False,5.960464477539063e-08
default-r1,serving,10,batch0_contiguous,0.057959,ok,compiled_cache,0,False,0.0
default-r1,serving,10,batch1_contiguous,0.06207,ok,compiled_cache,0,False,1.4901161193847656e-08
default-r1,serving,10,batch2_contiguous,0.062508,ok,compiled_cache,0,False,5.960464477539063e-08
default-r1,serving,10,batch4_contiguous,0.06284,ok,compiled_cache,0,False,5.960464477539063e-08
default-r1,serving,10,batch2_strided,0.086079,ok,compiled_cache,0,False,5.960464477539063e-08
default-r1,serving,10,batch3_strided_late,0.073319,ok,compiled_cache,0,False,5.960464477539063e-08
default-r1,serving,11,batch0_contiguous,0.049729,ok,compiled_cache,0,False,0.0
default-r1,serving,11,batch1_contiguous,0.061188,ok,compiled_cache,0,False,1.4901161193847656e-08
default-r1,serving,11,batch2_contiguous,0.075879,ok,compiled_cache,0,False,5.960464477539063e-08
default-r1,serving,11,batch4_contiguous,0.065179,ok,compiled_cache,0,False,5.960464477539063e-08
default-r1,serving,11,batch2_strided,0.06699,ok,compiled_cache,0,False,5.960464477539063e-08
default-r1,serving,11,batch3_strided_late,0.073579,ok,compiled_cache,0,False,5.960464477539063e-08
default-r1,serving,12,batch0_contiguous,0.092679,ok,compiled_cache,0,False,0.0
default-r1,serving,12,batch1_contiguous,0.06789,ok,compiled_cache,0,False,1.4901161193847656e-08
default-r1,serving,12,batch2_contiguous,0.064659,ok,compiled_cache,0,False,5.960464477539063e-08
default-r1,serving,12,batch4_contiguous,0.06616,ok,compiled_cache,0,False,5.960464477539063e-08
default-r1,serving,12,batch2_strided,0.069159,ok,compiled_cache,0,False,5.960464477539063e-08
default-r1,serving,12,batch3_strided_late,0.069679,ok,compiled_cache,0,False,5.960464477539063e-08
default-r1,serving,13,batch0_contiguous,0.055139,ok,compiled_cache,0,False,0.0
default-r1,serving,13,batch1_contiguous,0.074019,ok,compiled_cache,0,False,1.4901161193847656e-08
default-r1,serving,13,batch2_contiguous,0.065979,ok,compiled_cache,0,False,5.960464477539063e-08
default-r1,serving,13,batch4_contiguous,0.063139,ok,compiled_cache,0,False,5.960464477539063e-08
default-r1,serving,13,batch2_strided,0.070719,ok,compiled_cache,0,False,5.960464477539063e-08
default-r1,serving,13,batch3_strided_late,0.07263,ok,compiled_cache,0,False,5.960464477539063e-08
default-r1,serving,14,batch0_contiguous,0.04663,ok,compiled_cache,0,False,0.0
default-r1,serving,14,batch1_contiguous,0.06032,ok,compiled_cache,0,False,1.4901161193847656e-08
default-r1,serving,14,batch2_contiguous,0.06599,ok,compiled_cache,0,False,5.960464477539063e-08
default-r1,serving,14,batch4_contiguous,0.065649,ok,compiled_cache,0,False,5.960464477539063e-08
default-r1,serving,14,batch2_strided,0.066899,ok,compiled_cache,0,False,5.960464477539063e-08
default-r1,serving,14,batch3_strided_late,0.066789,ok,compiled_cache,0,False,5.960464477539063e-08
default-r1,serving,15,batch0_contiguous,0.050219,ok,compiled_cache,0,False,0.0
default-r1,serving,15,batch1_contiguous,0.063619,ok,compiled_cache,0,False,1.4901161193847656e-08
default-r1,serving,15,batch2_contiguous,0.063059,ok,compiled_cache,0,False,5.960464477539063e-08
default-r1,serving,15,batch4_contiguous,0.061508,ok,compiled_cache,0,False,5.960464477539063e-08
default-r1,serving,15,batch2_strided,0.067349,ok,compiled_cache,0,False,5.960464477539063e-08
default-r1,serving,15,batch3_strided_late,0.068589,ok,compiled_cache,0,False,5.960464477539063e-08
default-r1,serving,16,batch0_contiguous,0.046199,ok,compiled_cache,0,False,0.0
default-r1,serving,16,batch1_contiguous,0.058389,ok,compiled_cache,0,False,1.4901161193847656e-08
default-r1,serving,16,batch2_contiguous,0.064,ok,compiled_cache,0,False,5.960464477539063e-08
default-r1,serving,16,batch4_contiguous,0.06357,ok,compiled_cache,0,False,5.960464477539063e-08
default-r1,serving,16,batch2_strided,0.067048,ok,compiled_cache,0,False,5.960464477539063e-08
default-r1,serving,16,batch3_strided_late,0.079889,ok,compiled_cache,0,False,5.960464477539063e-08
default-r1,serving,17,batch0_contiguous,0.04941,ok,compiled_cache,0,False,0.0
default-r1,serving,17,batch1_contiguous,0.060759,ok,compiled_cache,0,False,1.4901161193847656e-08
default-r1,serving,17,batch2_contiguous,0.06196,ok,compiled_cache,0,False,5.960464477539063e-08
default-r1,serving,17,batch4_contiguous,0.074099,ok,compiled_cache,0,False,5.960464477539063e-08
default-r1,serving,17,batch2_strided,0.06946,ok,compiled_cache,0,False,5.960464477539063e-08
default-r1,serving,17,batch3_strided_late,0.066979,ok,compiled_cache,0,False,5.960464477539063e-08
default-r1,serving,18,batch0_contiguous,0.047539,ok,compiled_cache,0,False,0.0
default-r1,serving,18,batch1_contiguous,0.071229,ok,compiled_cache,0,False,1.4901161193847656e-08
default-r1,serving,18,batch2_contiguous,0.065599,ok,compiled_cache,0,False,5.960464477539063e-08
default-r1,serving,18,batch4_contiguous,0.061528,ok,compiled_cache,0,False,5.960464477539063e-08
default-r1,serving,18,batch2_strided,0.065269,ok,compiled_cache,0,False,5.960464477539063e-08
default-r1,serving,18,batch3_strided_late,0.068199,ok,compiled_cache,0,False,5.960464477539063e-08
default-r1,serving,19,batch0_contiguous,0.04872,ok,compiled_cache,0,False,0.0
default-r1,serving,19,batch1_contiguous,0.05968,ok,compiled_cache,0,False,1.4901161193847656e-08
default-r1,serving,19,batch2_contiguous,0.060059,ok,compiled_cache,0,False,5.960464477539063e-08
default-r1,serving,19,batch4_contiguous,0.073769,ok,compiled_cache,0,False,5.960464477539063e-08
default-r1,serving,19,batch2_strided,0.07241,ok,compiled_cache,0,False,5.960464477539063e-08
default-r1,serving,19,batch3_strided_late,0.06651,ok,compiled_cache,0,False,5.960464477539063e-08
default-r1,serving,20,batch0_contiguous,0.0497,ok,compiled_cache,0,False,0.0
default-r1,serving,20,batch1_contiguous,0.063449,ok,compiled_cache,0,False,1.4901161193847656e-08
default-r1,serving,20,batch2_contiguous,0.066869,ok,compiled_cache,0,False,5.960464477539063e-08
default-r1,serving,20,batch4_contiguous,0.06223,ok,compiled_cache,0,False,5.960464477539063e-08
default-r1,serving,20,batch2_strided,0.066128,ok,compiled_cache,0,False,5.960464477539063e-08
default-r1,serving,20,batch3_strided_late,0.075239,ok,compiled_cache,0,False,5.960464477539063e-08
default-r1,serving,21,batch0_contiguous,0.047299,ok,compiled_cache,0,False,0.0
default-r1,serving,21,batch1_contiguous,0.058559,ok,compiled_cache,0,False,1.4901161193847656e-08
default-r1,serving,21,batch2_contiguous,0.060229,ok,compiled_cache,0,False,5.960464477539063e-08
default-r1,serving,21,batch4_contiguous,0.090249,ok,compiled_cache,0,False,5.960464477539063e-08
default-r1,serving,21,batch2_strided,0.07405,ok,compiled_cache,0,False,5.960464477539063e-08
default-r1,serving,21,batch3_strided_late,0.066559,ok,compiled_cache,0,False,5.960464477539063e-08
default-r1,serving,22,batch0_contiguous,0.05066,ok,compiled_cache,0,False,0.0
default-r1,serving,22,batch1_contiguous,0.118399,ok,compiled_cache,0,False,1.4901161193847656e-08
default-r1,serving,22,batch2_contiguous,0.073559,ok,compiled_cache,0,False,5.960464477539063e-08
default-r1,serving,22,batch4_contiguous,0.06443,ok,compiled_cache,0,False,5.960464477539063e-08
default-r1,serving,22,batch2_strided,0.07121,ok,compiled_cache,0,False,5.960464477539063e-08
default-r1,serving,22,batch3_strided_late,0.069939,ok,compiled_cache,0,False,5.960464477539063e-08
default-r1,serving,23,batch0_contiguous,0.046859,ok,compiled_cache,0,False,0.0
default-r1,serving,23,batch1_contiguous,0.059239,ok,compiled_cache,0,False,1.4901161193847656e-08
default-r1,serving,23,batch2_contiguous,0.064209,ok,compiled_cache,0,False,5.960464477539063e-08
default-r1,serving,23,batch4_contiguous,0.0641,ok,compiled_cache,0,False,5.960464477539063e-08
default-r1,serving,23,batch2_strided,0.071499,ok,compiled_cache,0,False,5.960464477539063e-08
default-r1,serving,23,batch3_strided_late,0.083028,ok,compiled_cache,0,False,5.960464477539063e-08
default-r1,serving,24,batch0_contiguous,0.052259,ok,compiled_cache,0,False,0.0
default-r1,serving,24,batch1_contiguous,0.060529,ok,compiled_cache,0,False,1.4901161193847656e-08
default-r1,serving,24,batch2_contiguous,0.06262,ok,compiled_cache,0,False,5.960464477539063e-08
default-r1,serving,24,batch4_contiguous,0.076749,ok,compiled_cache,0,False,5.960464477539063e-08
default-r1,serving,24,batch2_strided,0.068689,ok,compiled_cache,0,False,5.960464477539063e-08
default-r1,serving,24,batch3_strided_late,0.067239,ok,compiled_cache,0,False,5.960464477539063e-08
default-r1,serving,25,batch0_contiguous,0.04682,ok,compiled_cache,0,False,0.0
default-r1,serving,25,batch1_contiguous,0.072559,ok,compiled_cache,0,False,1.4901161193847656e-08
default-r1,serving,25,batch2_contiguous,0.069779,ok,compiled_cache,0,False,5.960464477539063e-08
default-r1,serving,25,batch4_contiguous,0.061609,ok,compiled_cache,0,False,5.960464477539063e-08
default-r1,serving,25,batch2_strided,0.067809,ok,compiled_cache,0,False,5.960464477539063e-08
default-r1,serving,25,batch3_strided_late,0.077259,ok,compiled_cache,0,False,5.960464477539063e-08
default-r1,serving,26,batch0_contiguous,0.055608,ok,compiled_cache,0,False,0.0
default-r1,serving,26,batch1_contiguous,0.063809,ok,compiled_cache,0,False,1.4901161193847656e-08
default-r1,serving,26,batch2_contiguous,0.06299,ok,compiled_cache,0,False,5.960464477539063e-08
default-r1,serving,26,batch4_contiguous,0.064949,ok,compiled_cache,0,False,5.960464477539063e-08
default-r1,serving,26,batch2_strided,0.06829,ok,compiled_cache,0,False,5.960464477539063e-08
default-r1,serving,26,batch3_strided_late,0.072238,ok,compiled_cache,0,False,5.960464477539063e-08
default-r1,serving,27,batch0_contiguous,0.056839,ok,compiled_cache,0,False,0.0
default-r1,serving,27,batch1_contiguous,0.062299,ok,compiled_cache,0,False,1.4901161193847656e-08
default-r1,serving,27,batch2_contiguous,0.064389,ok,compiled_cache,0,False,5.960464477539063e-08
default-r1,serving,27,batch4_contiguous,0.066829,ok,compiled_cache,0,False,5.960464477539063e-08
default-r1,serving,27,batch2_strided,0.076669,ok,compiled_cache,0,False,5.960464477539063e-08
default-r1,serving,27,batch3_strided_late,0.069239,ok,compiled_cache,0,False,5.960464477539063e-08
default-r1,serving,28,batch0_contiguous,0.04634,ok,compiled_cache,0,False,0.0
default-r1,serving,28,batch1_contiguous,0.059971,ok,compiled_cache,0,False,1.4901161193847656e-08
default-r1,serving,28,batch2_contiguous,0.076469,ok,compiled_cache,0,False,5.960464477539063e-08
default-r1,serving,28,batch4_contiguous,0.07236,ok,compiled_cache,0,False,5.960464477539063e-08
default-r1,serving,28,batch2_strided,0.065899,ok,compiled_cache,0,False,5.960464477539063e-08
default-r1,serving,28,batch3_strided_late,0.064939,ok,compiled_cache,0,False,5.960464477539063e-08
default-r1,serving,29,batch0_contiguous,0.052479,ok,compiled_cache,0,False,0.0
default-r1,serving,29,batch1_contiguous,0.070959,ok,compiled_cache,0,False,1.4901161193847656e-08
default-r1,serving,29,batch2_contiguous,0.066768,ok,compiled_cache,0,False,5.960464477539063e-08
default-r1,serving,29,batch4_contiguous,0.06173,ok,compiled_cache,0,False,5.960464477539063e-08
default-r1,serving,29,batch2_strided,0.067619,ok,compiled_cache,0,False,5.960464477539063e-08
default-r1,serving,29,batch3_strided_late,0.073049,ok,compiled_cache,0,False,5.960464477539063e-08
default-r1,serving,30,batch0_contiguous,0.048039,ok,compiled_cache,0,False,0.0
default-r1,serving,30,batch1_contiguous,0.060008,ok,compiled_cache,0,False,1.4901161193847656e-08
default-r1,serving,30,batch2_contiguous,0.06399,ok,compiled_cache,0,False,5.960464477539063e-08
default-r1,serving,30,batch4_contiguous,0.066879,ok,compiled_cache,0,False,5.960464477539063e-08
default-r1,serving,30,batch2_strided,0.066209,ok,compiled_cache,0,False,5.960464477539063e-08
default-r1,serving,30,batch3_strided_late,0.06409,ok,compiled_cache,0,False,5.960464477539063e-08
default-r1,serving,31,batch0_contiguous,0.050169,ok,compiled_cache,0,False,0.0
default-r1,serving,31,batch1_contiguous,0.061968,ok,compiled_cache,0,False,1.4901161193847656e-08
default-r1,serving,31,batch2_contiguous,0.065319,ok,compiled_cache,0,False,5.960464477539063e-08
default-r1,serving,31,batch4_contiguous,0.059799,ok,compiled_cache,0,False,5.960464477539063e-08
default-r1,serving,31,batch2_strided,0.067249,ok,compiled_cache,0,False,5.960464477539063e-08
default-r1,serving,31,batch3_strided_late,0.068219,ok,compiled_cache,0,False,5.960464477539063e-08
default-r1,serving,32,batch0_contiguous,0.050319,ok,compiled_cache,0,False,0.0
default-r1,serving,32,batch1_contiguous,0.063099,ok,compiled_cache,0,False,1.4901161193847656e-08
default-r1,serving,32,batch2_contiguous,0.106899,ok,compiled_cache,0,False,5.960464477539063e-08
default-r1,serving,32,batch4_contiguous,0.065919,ok,compiled_cache,0,False,5.960464477539063e-08
default-r1,serving,32,batch2_strided,0.065499,ok,compiled_cache,0,False,5.960464477539063e-08
default-r1,serving,32,batch3_strided_late,0.072669,ok,compiled_cache,0,False,5.960464477539063e-08
default-r1,serving,33,batch0_contiguous,0.050299,ok,compiled_cache,0,False,0.0
default-r1,serving,33,batch1_contiguous,0.060689,ok,compiled_cache,0,False,1.4901161193847656e-08
default-r1,serving,33,batch2_contiguous,0.06236,ok,compiled_cache,0,False,5.960464477539063e-08
default-r1,serving,33,batch4_contiguous,0.062559,ok,compiled_cache,0,False,5.960464477539063e-08
default-r1,serving,33,batch2_strided,0.075669,ok,compiled_cache,0,False,5.960464477539063e-08
default-r1,serving,33,batch3_strided_late,0.065819,ok,compiled_cache,0,False,5.960464477539063e-08
default-r1,serving,34,batch0_contiguous,0.048269,ok,compiled_cache,0,False,0.0
default-r1,serving,34,batch1_contiguous,0.064129,ok,compiled_cache,0,False,1.4901161193847656e-08
default-r1,serving,34,batch2_contiguous,0.069279,ok,compiled_cache,0,False,5.960464477539063e-08
default-r1,serving,34,batch4_contiguous,0.066728,ok,compiled_cache,0,False,5.960464477539063e-08
default-r1,serving,34,batch2_strided,0.065989,ok,compiled_cache,0,False,5.960464477539063e-08
default-r1,serving,34,batch3_strided_late,0.074589,ok,compiled_cache,0,False,5.960464477539063e-08
default-r1,serving,35,batch0_contiguous,0.04663,ok,compiled_cache,0,False,0.0
default-r1,serving,35,batch1_contiguous,0.0639,ok,compiled_cache,0,False,1.4901161193847656e-08
default-r1,serving,35,batch2_contiguous,0.061148,ok,compiled_cache,0,False,5.960464477539063e-08
default-r1,serving,35,batch4_contiguous,0.063608,ok,compiled_cache,0,False,5.960464477539063e-08
default-r1,serving,35,batch2_strided,0.066979,ok,compiled_cache,0,False,5.960464477539063e-08
default-r1,serving,35,batch3_strided_late,0.069339,ok,compiled_cache,0,False,5.960464477539063e-08
default-r1,serving,36,batch0_contiguous,0.05918,ok,compiled_cache,0,False,0.0
default-r1,serving,36,batch1_contiguous,0.061649,ok,compiled_cache,0,False,1.4901161193847656e-08
default-r1,serving,36,batch2_contiguous,0.067359,ok,compiled_cache,0,False,5.960464477539063e-08
default-r1,serving,36,batch4_contiguous,0.061389,ok,compiled_cache,0,False,5.960464477539063e-08
default-r1,serving,36,batch2_strided,0.080599,ok,compiled_cache,0,False,5.960464477539063e-08
default-r1,serving,36,batch3_strided_late,0.068959,ok,compiled_cache,0,False,5.960464477539063e-08
default-r1,serving,37,batch0_contiguous,0.045929,ok,compiled_cache,0,False,0.0
default-r1,serving,37,batch1_contiguous,0.058839,ok,compiled_cache,0,False,1.4901161193847656e-08
default-r1,serving,37,batch2_contiguous,0.072069,ok,compiled_cache,0,False,5.960464477539063e-08
default-r1,serving,37,batch4_contiguous,0.067479,ok,compiled_cache,0,False,5.960464477539063e-08
default-r1,serving,37,batch2_strided,0.066339,ok,compiled_cache,0,False,5.960464477539063e-08
default-r1,serving,37,batch3_strided_late,0.065349,ok,compiled_cache,0,False,5.960464477539063e-08
default-r1,serving,38,batch0_contiguous,0.046729,ok,compiled_cache,0,False,0.0
default-r1,serving,38,batch1_contiguous,0.064249,ok,compiled_cache,0,False,1.4901161193847656e-08
default-r1,serving,38,batch2_contiguous,0.06162,ok,compiled_cache,0,False,5.960464477539063e-08
default-r1,serving,38,batch4_contiguous,0.061158,ok,compiled_cache,0,False,5.960464477539063e-08
default-r1,serving,38,batch2_strided,0.084039,ok,compiled_cache,0,False,5.960464477539063e-08
default-r1,serving,38,batch3_strided_late,0.077799,ok,compiled_cache,0,False,5.960464477539063e-08
default-r1,serving,39,batch0_contiguous,0.048689,ok,compiled_cache,0,False,0.0
default-r1,serving,39,batch1_contiguous,0.060589,ok,compiled_cache,0,False,1.4901161193847656e-08
default-r1,serving,39,batch2_contiguous,0.065219,ok,compiled_cache,0,False,5.960464477539063e-08
default-r1,serving,39,batch4_contiguous,0.062309,ok,compiled_cache,0,False,5.960464477539063e-08
default-r1,serving,39,batch2_strided,0.071139,ok,compiled_cache,0,False,5.960464477539063e-08
default-r1,serving,39,batch3_strided_late,0.080429,ok,compiled_cache,0,False,5.960464477539063e-08
default-r1,serving,40,batch0_contiguous,0.049349,ok,compiled_cache,0,False,0.0
default-r1,serving,40,batch1_contiguous,0.061929,ok,compiled_cache,0,False,1.4901161193847656e-08
default-r1,serving,40,batch2_contiguous,0.061959,ok,compiled_cache,0,False,5.960464477539063e-08
default-r1,serving,40,batch4_contiguous,0.06467,ok,compiled_cache,0,False,5.960464477539063e-08
default-r1,serving,40,batch2_strided,0.082379,ok,compiled_cache,0,False,5.960464477539063e-08
default-r1,serving,40,batch3_strided_late,0.066979,ok,compiled_cache,0,False,5.960464477539063e-08
default-r1,serving,41,batch0_contiguous,0.045999,ok,compiled_cache,0,False,0.0
default-r1,serving,41,batch1_contiguous,0.074289,ok,compiled_cache,0,False,1.4901161193847656e-08
default-r1,serving,41,batch2_contiguous,0.079289,ok,compiled_cache,0,False,5.960464477539063e-08
default-r1,serving,41,batch4_contiguous,0.062089,ok,compiled_cache,0,False,5.960464477539063e-08
default-r1,serving,41,batch2_strided,0.068839,ok,compiled_cache,0,False,5.960464477539063e-08
default-r1,serving,41,batch3_strided_late,0.068599,ok,compiled_cache,0,False,5.960464477539063e-08
default-r1,serving,42,batch0_contiguous,0.05013,ok,compiled_cache,0,False,0.0
default-r1,serving,42,batch1_contiguous,0.0612,ok,compiled_cache,0,False,1.4901161193847656e-08
default-r1,serving,42,batch2_contiguous,0.062039,ok,compiled_cache,0,False,5.960464477539063e-08
default-r1,serving,42,batch4_contiguous,0.088159,ok,compiled_cache,0,False,5.960464477539063e-08
default-r1,serving,42,batch2_strided,0.066659,ok,compiled_cache,0,False,5.960464477539063e-08
default-r1,serving,42,batch3_strided_late,0.070139,ok,compiled_cache,0,False,5.960464477539063e-08
default-r1,serving,43,batch0_contiguous,0.046499,ok,compiled_cache,0,False,0.0
default-r1,serving,43,batch1_contiguous,0.060849,ok,compiled_cache,0,False,1.4901161193847656e-08
default-r1,serving,43,batch2_contiguous,0.0677,ok,compiled_cache,0,False,5.960464477539063e-08
default-r1,serving,43,batch4_contiguous,0.066029,ok,compiled_cache,0,False,5.960464477539063e-08
default-r1,serving,43,batch2_strided,0.065679,ok,compiled_cache,0,False,5.960464477539063e-08
default-r1,serving,43,batch3_strided_late,0.07757,ok,compiled_cache,0,False,5.960464477539063e-08
default-r1,serving,44,batch0_contiguous,0.047811,ok,compiled_cache,0,False,0.0
default-r1,serving,44,batch1_contiguous,0.060369,ok,compiled_cache,0,False,1.4901161193847656e-08
default-r1,serving,44,batch2_contiguous,0.064789,ok,compiled_cache,0,False,5.960464477539063e-08
default-r1,serving,44,batch4_contiguous,0.072459,ok,compiled_cache,0,False,5.960464477539063e-08
default-r1,serving,44,batch2_strided,0.06588,ok,compiled_cache,0,False,5.960464477539063e-08
default-r1,serving,44,batch3_strided_late,0.065928,ok,compiled_cache,0,False,5.960464477539063e-08
default-r1,serving,45,batch0_contiguous,0.050711,ok,compiled_cache,0,False,0.0
default-r1,serving,45,batch1_contiguous,0.084498,ok,compiled_cache,0,False,1.4901161193847656e-08
default-r1,serving,45,batch2_contiguous,0.067109,ok,compiled_cache,0,False,5.960464477539063e-08
default-r1,serving,45,batch4_contiguous,0.064079,ok,compiled_cache,0,False,5.960464477539063e-08
default-r1,serving,45,batch2_strided,0.069149,ok,compiled_cache,0,False,5.960464477539063e-08
default-r1,serving,45,batch3_strided_late,0.072759,ok,compiled_cache,0,False,5.960464477539063e-08
default-r1,serving,46,batch0_contiguous,0.04657,ok,compiled_cache,0,False,0.0
default-r1,serving,46,batch1_contiguous,0.059239,ok,compiled_cache,0,False,1.4901161193847656e-08
default-r1,serving,46,batch2_contiguous,0.06428,ok,compiled_cache,0,False,5.960464477539063e-08
default-r1,serving,46,batch4_contiguous,0.063219,ok,compiled_cache,0,False,5.960464477539063e-08
default-r1,serving,46,batch2_strided,0.066379,ok,compiled_cache,0,False,5.960464477539063e-08
default-r1,serving,46,batch3_strided_late,0.067679,ok,compiled_cache,0,False,5.960464477539063e-08
default-r1,serving,47,batch0_contiguous,0.047328,ok,compiled_cache,0,False,0.0
default-r1,serving,47,batch1_contiguous,0.061139,ok,compiled_cache,0,False,1.4901161193847656e-08
default-r1,serving,47,batch2_contiguous,0.06504,ok,compiled_cache,0,False,5.960464477539063e-08
default-r1,serving,47,batch4_contiguous,0.059629,ok,compiled_cache,0,False,5.960464477539063e-08
default-r1,serving,47,batch2_strided,0.076689,ok,compiled_cache,0,False,5.960464477539063e-08
default-r1,serving,47,batch3_strided_late,0.066189,ok,compiled_cache,0,False,5.960464477539063e-08
default-r1,serving,48,batch0_contiguous,0.04512,ok,compiled_cache,0,False,0.0
default-r1,serving,48,batch1_contiguous,0.062079,ok,compiled_cache,0,False,1.4901161193847656e-08
default-r1,serving,48,batch2_contiguous,0.070389,ok,compiled_cache,0,False,5.960464477539063e-08
default-r1,serving,48,batch4_contiguous,0.061209,ok,compiled_cache,0,False,5.960464477539063e-08
default-r1,serving,48,batch2_strided,0.068959,ok,compiled_cache,0,False,5.960464477539063e-08
default-r1,serving,48,batch3_strided_late,0.071999,ok,compiled_cache,0,False,5.960464477539063e-08
default-r1,serving,49,batch0_contiguous,0.04831,ok,compiled_cache,0,False,0.0
default-r1,serving,49,batch1_contiguous,0.06134,ok,compiled_cache,0,False,1.4901161193847656e-08
default-r1,serving,49,batch2_contiguous,0.061119,ok,compiled_cache,0,False,5.960464477539063e-08
default-r1,serving,49,batch4_contiguous,0.072139,ok,compiled_cache,0,False,5.960464477539063e-08
default-r1,serving,49,batch2_strided,0.070769,ok,compiled_cache,0,False,5.960464477539063e-08
default-r1,serving,49,batch3_strided_late,0.06623,ok,compiled_cache,0,False,5.960464477539063e-08
default-r2,serving,0,batch0_contiguous,809.991238,ok,compiled_new_variant,1,False,0.0
default-r2,serving,0,batch1_contiguous,312.498769,ok,compiled_new_variant,1,False,1.4901161193847656e-08
default-r2,serving,0,batch2_contiguous,140.460149,ok,compiled_new_variant,1,False,5.960464477539063e-08
default-r2,serving,0,batch4_contiguous,84.952988,ok,compiled_new_variant,1,False,5.960464477539063e-08
default-r2,serving,0,batch2_strided,136.067086,ok,compiled_new_variant,1,False,5.960464477539063e-08
default-r2,serving,0,batch3_strided_late,130.212321,ok,compiled_new_variant,1,False,5.960464477539063e-08
default-r2,serving,1,batch0_contiguous,0.128097,ok,compiled_cache,0,False,0.0
default-r2,serving,1,batch1_contiguous,0.112329,ok,compiled_cache,0,False,1.4901161193847656e-08
default-r2,serving,1,batch2_contiguous,0.095919,ok,compiled_cache,0,False,5.960464477539063e-08
default-r2,serving,1,batch4_contiguous,0.086589,ok,compiled_cache,0,False,5.960464477539063e-08
default-r2,serving,1,batch2_strided,0.088687,ok,compiled_cache,0,False,5.960464477539063e-08
default-r2,serving,1,batch3_strided_late,0.08229,ok,compiled_cache,0,False,5.960464477539063e-08
default-r2,serving,2,batch0_contiguous,0.054119,ok,compiled_cache,0,False,0.0
default-r2,serving,2,batch1_contiguous,0.067949,ok,compiled_cache,0,False,1.4901161193847656e-08
default-r2,serving,2,batch2_contiguous,0.079099,ok,compiled_cache,0,False,5.960464477539063e-08
default-r2,serving,2,batch4_contiguous,0.06758,ok,compiled_cache,0,False,5.960464477539063e-08
default-r2,serving,2,batch2_strided,0.06985,ok,compiled_cache,0,False,5.960464477539063e-08
default-r2,serving,2,batch3_strided_late,0.070379,ok,compiled_cache,0,False,5.960464477539063e-08
default-r2,serving,3,batch0_contiguous,0.050329,ok,compiled_cache,0,False,0.0
default-r2,serving,3,batch1_contiguous,0.064619,ok,compiled_cache,0,False,1.4901161193847656e-08
default-r2,serving,3,batch2_contiguous,0.06398,ok,compiled_cache,0,False,5.960464477539063e-08
default-r2,serving,3,batch4_contiguous,0.066129,ok,compiled_cache,0,False,5.960464477539063e-08
default-r2,serving,3,batch2_strided,0.069759,ok,compiled_cache,0,False,5.960464477539063e-08
default-r2,serving,3,batch3_strided_late,0.067419,ok,compiled_cache,0,False,5.960464477539063e-08
default-r2,serving,4,batch0_contiguous,0.04841,ok,compiled_cache,0,False,0.0
default-r2,serving,4,batch1_contiguous,0.066049,ok,compiled_cache,0,False,1.4901161193847656e-08
default-r2,serving,4,batch2_contiguous,0.068429,ok,compiled_cache,0,False,5.960464477539063e-08
default-r2,serving,4,batch4_contiguous,0.065549,ok,compiled_cache,0,False,5.960464477539063e-08
default-r2,serving,4,batch2_strided,0.080538,ok,compiled_cache,0,False,5.960464477539063e-08
default-r2,serving,4,batch3_strided_late,0.070919,ok,compiled_cache,0,False,5.960464477539063e-08
default-r2,serving,5,batch0_contiguous,0.04866,ok,compiled_cache,0,False,0.0
default-r2,serving,5,batch1_contiguous,0.060189,ok,compiled_cache,0,False,1.4901161193847656e-08
default-r2,serving,5,batch2_contiguous,0.074239,ok,compiled_cache,0,False,5.960464477539063e-08
default-r2,serving,5,batch4_contiguous,0.065479,ok,compiled_cache,0,False,5.960464477539063e-08
default-r2,serving,5,batch2_strided,0.066979,ok,compiled_cache,0,False,5.960464477539063e-08
default-r2,serving,5,batch3_strided_late,0.066259,ok,compiled_cache,0,False,5.960464477539063e-08
default-r2,serving,6,batch0_contiguous,0.04774,ok,compiled_cache,0,False,0.0
default-r2,serving,6,batch1_contiguous,0.06279,ok,compiled_cache,0,False,1.4901161193847656e-08
default-r2,serving,6,batch2_contiguous,0.062069,ok,compiled_cache,0,False,5.960464477539063e-08
default-r2,serving,6,batch4_contiguous,0.05968,ok,compiled_cache,0,False,5.960464477539063e-08
default-r2,serving,6,batch2_strided,0.068559,ok,compiled_cache,0,False,5.960464477539063e-08
default-r2,serving,6,batch3_strided_late,0.06818,ok,compiled_cache,0,False,5.960464477539063e-08
default-r2,serving,7,batch0_contiguous,0.045351,ok,compiled_cache,0,False,0.0
default-r2,serving,7,batch1_contiguous,0.058169,ok,compiled_cache,0,False,1.4901161193847656e-08
default-r2,serving,7,batch2_contiguous,0.063239,ok,compiled_cache,0,False,5.960464477539063e-08
default-r2,serving,7,batch4_contiguous,0.064369,ok,compiled_cache,0,False,5.960464477539063e-08
default-r2,serving,7,batch2_strided,0.064999,ok,compiled_cache,0,False,5.960464477539063e-08
default-r2,serving,7,batch3_strided_late,0.063439,ok,compiled_cache,0,False,5.960464477539063e-08
default-r2,serving,8,batch0_contiguous,0.047949,ok,compiled_cache,0,False,0.0
default-r2,serving,8,batch1_contiguous,0.061939,ok,compiled_cache,0,False,1.4901161193847656e-08
default-r2,serving,8,batch2_contiguous,0.060889,ok,compiled_cache,0,False,5.960464477539063e-08
default-r2,serving,8,batch4_contiguous,0.059749,ok,compiled_cache,0,False,5.960464477539063e-08
default-r2,serving,8,batch2_strided,0.067949,ok,compiled_cache,0,False,5.960464477539063e-08
default-r2,serving,8,batch3_strided_late,0.068679,ok,compiled_cache,0,False,5.960464477539063e-08
default-r2,serving,9,batch0_contiguous,0.046229,ok,compiled_cache,0,False,0.0
default-r2,serving,9,batch1_contiguous,0.059059,ok,compiled_cache,0,False,1.4901161193847656e-08
default-r2,serving,9,batch2_contiguous,0.063369,ok,compiled_cache,0,False,5.960464477539063e-08
default-r2,serving,9,batch4_contiguous,0.066309,ok,compiled_cache,0,False,5.960464477539063e-08
default-r2,serving,9,batch2_strided,0.067099,ok,compiled_cache,0,False,5.960464477539063e-08
default-r2,serving,9,batch3_strided_late,0.076059,ok,compiled_cache,0,False,5.960464477539063e-08
default-r2,serving,10,batch0_contiguous,0.04896,ok,compiled_cache,0,False,0.0
default-r2,serving,10,batch1_contiguous,0.066419,ok,compiled_cache,0,False,1.4901161193847656e-08
default-r2,serving,10,batch2_contiguous,0.062428,ok,compiled_cache,0,False,5.960464477539063e-08
default-r2,serving,10,batch4_contiguous,0.07246,ok,compiled_cache,0,False,5.960464477539063e-08
default-r2,serving,10,batch2_strided,0.067139,ok,compiled_cache,0,False,5.960464477539063e-08
default-r2,serving,10,batch3_strided_late,0.069779,ok,compiled_cache,0,False,5.960464477539063e-08
default-r2,serving,11,batch0_contiguous,0.048209,ok,compiled_cache,0,False,0.0
default-r2,serving,11,batch1_contiguous,0.071019,ok,compiled_cache,0,False,1.4901161193847656e-08
default-r2,serving,11,batch2_contiguous,0.06609,ok,compiled_cache,0,False,5.960464477539063e-08
default-r2,serving,11,batch4_contiguous,0.063549,ok,compiled_cache,0,False,5.960464477539063e-08
default-r2,serving,11,batch2_strided,0.065189,ok,compiled_cache,0,False,5.960464477539063e-08
default-r2,serving,11,batch3_strided_late,0.067819,ok,compiled_cache,0,False,5.960464477539063e-08
default-r2,serving,12,batch0_contiguous,0.088269,ok,compiled_cache,0,False,0.0
default-r2,serving,12,batch1_contiguous,0.064449,ok,compiled_cache,0,False,1.4901161193847656e-08
default-r2,serving,12,batch2_contiguous,0.063559,ok,compiled_cache,0,False,5.960464477539063e-08
default-r2,serving,12,batch4_contiguous,0.06431,ok,compiled_cache,0,False,5.960464477539063e-08
default-r2,serving,12,batch2_strided,0.066759,ok,compiled_cache,0,False,5.960464477539063e-08
default-r2,serving,12,batch3_strided_late,0.06676,ok,compiled_cache,0,False,5.960464477539063e-08
default-r2,serving,13,batch0_contiguous,0.04596,ok,compiled_cache,0,False,0.0
default-r2,serving,13,batch1_contiguous,0.062499,ok,compiled_cache,0,False,1.4901161193847656e-08
default-r2,serving,13,batch2_contiguous,0.064608,ok,compiled_cache,0,False,5.960464477539063e-08
default-r2,serving,13,batch4_contiguous,0.0607,ok,compiled_cache,0,False,5.960464477539063e-08
default-r2,serving,13,batch2_strided,0.063549,ok,compiled_cache,0,False,5.960464477539063e-08
default-r2,serving,13,batch3_strided_late,0.075629,ok,compiled_cache,0,False,5.960464477539063e-08
default-r2,serving,14,batch0_contiguous,0.046469,ok,compiled_cache,0,False,0.0
default-r2,serving,14,batch1_contiguous,0.059019,ok,compiled_cache,0,False,1.4901161193847656e-08
default-r2,serving,14,batch2_contiguous,0.06099,ok,compiled_cache,0,False,5.960464477539063e-08
default-r2,serving,14,batch4_contiguous,0.07322,ok,compiled_cache,0,False,5.960464477539063e-08
default-r2,serving,14,batch2_strided,0.064879,ok,compiled_cache,0,False,5.960464477539063e-08
default-r2,serving,14,batch3_strided_late,0.064729,ok,compiled_cache,0,False,5.960464477539063e-08
default-r2,serving,15,batch0_contiguous,0.052449,ok,compiled_cache,0,False,0.0
default-r2,serving,15,batch1_contiguous,0.069309,ok,compiled_cache,0,False,1.4901161193847656e-08
default-r2,serving,15,batch2_contiguous,0.063089,ok,compiled_cache,0,False,5.960464477539063e-08
default-r2,serving,15,batch4_contiguous,0.059851,ok,compiled_cache,0,False,5.960464477539063e-08
default-r2,serving,15,batch2_strided,0.077078,ok,compiled_cache,0,False,5.960464477539063e-08
default-r2,serving,15,batch3_strided_late,0.07027,ok,compiled_cache,0,False,5.960464477539063e-08
default-r2,serving,16,batch0_contiguous,0.046989,ok,compiled_cache,0,False,0.0
default-r2,serving,16,batch1_contiguous,0.061199,ok,compiled_cache,0,False,1.4901161193847656e-08
default-r2,serving,16,batch2_contiguous,0.074669,ok,compiled_cache,0,False,5.960464477539063e-08
default-r2,serving,16,batch4_contiguous,0.063729,ok,compiled_cache,0,False,5.960464477539063e-08
default-r2,serving,16,batch2_strided,0.068899,ok,compiled_cache,0,False,5.960464477539063e-08
default-r2,serving,16,batch3_strided_late,0.06729,ok,compiled_cache,0,False,5.960464477539063e-08
default-r2,serving,17,batch0_contiguous,0.047089,ok,compiled_cache,0,False,0.0
default-r2,serving,17,batch1_contiguous,0.062399,ok,compiled_cache,0,False,1.4901161193847656e-08
default-r2,serving,17,batch2_contiguous,0.062249,ok,compiled_cache,0,False,5.960464477539063e-08
default-r2,serving,17,batch4_contiguous,0.061339,ok,compiled_cache,0,False,5.960464477539063e-08
default-r2,serving,17,batch2_strided,0.068759,ok,compiled_cache,0,False,5.960464477539063e-08
default-r2,serving,17,batch3_strided_late,0.06766,ok,compiled_cache,0,False,5.960464477539063e-08
default-r2,serving,18,batch0_contiguous,0.045609,ok,compiled_cache,0,False,0.0
default-r2,serving,18,batch1_contiguous,0.059789,ok,compiled_cache,0,False,1.4901161193847656e-08
default-r2,serving,18,batch2_contiguous,0.064469,ok,compiled_cache,0,False,5.960464477539063e-08
default-r2,serving,18,batch4_contiguous,0.062509,ok,compiled_cache,0,False,5.960464477539063e-08
default-r2,serving,18,batch2_strided,0.063088,ok,compiled_cache,0,False,5.960464477539063e-08
default-r2,serving,18,batch3_strided_late,0.06367,ok,compiled_cache,0,False,5.960464477539063e-08
default-r2,serving,19,batch0_contiguous,0.047919,ok,compiled_cache,0,False,0.0
default-r2,serving,19,batch1_contiguous,0.062649,ok,compiled_cache,0,False,1.4901161193847656e-08
default-r2,serving,19,batch2_contiguous,0.061209,ok,compiled_cache,0,False,5.960464477539063e-08
default-r2,serving,19,batch4_contiguous,0.061039,ok,compiled_cache,0,False,5.960464477539063e-08
default-r2,serving,19,batch2_strided,0.066748,ok,compiled_cache,0,False,5.960464477539063e-08
default-r2,serving,19,batch3_strided_late,0.067039,ok,compiled_cache,0,False,5.960464477539063e-08
default-r2,serving,20,batch0_contiguous,0.04931,ok,compiled_cache,0,False,0.0
default-r2,serving,20,batch1_contiguous,0.05815,ok,compiled_cache,0,False,1.4901161193847656e-08
default-r2,serving,20,batch2_contiguous,0.064529,ok,compiled_cache,0,False,5.960464477539063e-08
default-r2,serving,20,batch4_contiguous,0.0633,ok,compiled_cache,0,False,5.960464477539063e-08
default-r2,serving,20,batch2_strided,0.064179,ok,compiled_cache,0,False,5.960464477539063e-08
default-r2,serving,20,batch3_strided_late,0.080128,ok,compiled_cache,0,False,5.960464477539063e-08
default-r2,serving,21,batch0_contiguous,0.052229,ok,compiled_cache,0,False,0.0
default-r2,serving,21,batch1_contiguous,0.062669,ok,compiled_cache,0,False,1.4901161193847656e-08
default-r2,serving,21,batch2_contiguous,0.063189,ok,compiled_cache,0,False,5.960464477539063e-08
default-r2,serving,21,batch4_contiguous,0.076519,ok,compiled_cache,0,False,5.960464477539063e-08
default-r2,serving,21,batch2_strided,0.071969,ok,compiled_cache,0,False,5.960464477539063e-08
default-r2,serving,21,batch3_strided_late,0.066488,ok,compiled_cache,0,False,5.960464477539063e-08
default-r2,serving,22,batch0_contiguous,0.047259,ok,compiled_cache,0,False,0.0
default-r2,serving,22,batch1_contiguous,0.106259,ok,compiled_cache,0,False,1.4901161193847656e-08
default-r2,serving,22,batch2_contiguous,0.066179,ok,compiled_cache,0,False,5.960464477539063e-08
default-r2,serving,22,batch4_contiguous,0.06294,ok,compiled_cache,0,False,5.960464477539063e-08
default-r2,serving,22,batch2_strided,0.066469,ok,compiled_cache,0,False,5.960464477539063e-08
default-r2,serving,22,batch3_strided_late,0.06853,ok,compiled_cache,0,False,5.960464477539063e-08
default-r2,serving,23,batch0_contiguous,0.047639,ok,compiled_cache,0,False,0.0
default-r2,serving,23,batch1_contiguous,0.059729,ok,compiled_cache,0,False,1.4901161193847656e-08
default-r2,serving,23,batch2_contiguous,0.061839,ok,compiled_cache,0,False,5.960464477539063e-08
default-r2,serving,23,batch4_contiguous,0.064789,ok,compiled_cache,0,False,5.960464477539063e-08
default-r2,serving,23,batch2_strided,0.066899,ok,compiled_cache,0,False,5.960464477539063e-08
default-r2,serving,23,batch3_strided_late,0.06978,ok,compiled_cache,0,False,5.960464477539063e-08
default-r2,serving,24,batch0_contiguous,0.046379,ok,compiled_cache,0,False,0.0
default-r2,serving,24,batch1_contiguous,0.061428,ok,compiled_cache,0,False,1.4901161193847656e-08
default-r2,serving,24,batch2_contiguous,0.064589,ok,compiled_cache,0,False,5.960464477539063e-08
default-r2,serving,24,batch4_contiguous,0.060989,ok,compiled_cache,0,False,5.960464477539063e-08
default-r2,serving,24,batch2_strided,0.064279,ok,compiled_cache,0,False,5.960464477539063e-08
default-r2,serving,24,batch3_strided_late,0.078329,ok,compiled_cache,0,False,5.960464477539063e-08
default-r2,serving,25,batch0_contiguous,0.046879,ok,compiled_cache,0,False,0.0
default-r2,serving,25,batch1_contiguous,0.060199,ok,compiled_cache,0,False,1.4901161193847656e-08
default-r2,serving,25,batch2_contiguous,0.061649,ok,compiled_cache,0,False,5.960464477539063e-08
default-r2,serving,25,batch4_contiguous,0.073169,ok,compiled_cache,0,False,5.960464477539063e-08
default-r2,serving,25,batch2_strided,0.069669,ok,compiled_cache,0,False,5.960464477539063e-08
default-r2,serving,25,batch3_strided_late,0.065629,ok,compiled_cache,0,False,5.960464477539063e-08
default-r2,serving,26,batch0_contiguous,0.04895,ok,compiled_cache,0,False,0.0
default-r2,serving,26,batch1_contiguous,0.069168,ok,compiled_cache,0,False,1.4901161193847656e-08
default-r2,serving,26,batch2_contiguous,0.063899,ok,compiled_cache,0,False,5.960464477539063e-08
default-r2,serving,26,batch4_contiguous,0.066439,ok,compiled_cache,0,False,5.960464477539063e-08
default-r2,serving,26,batch2_strided,0.06961,ok,compiled_cache,0,False,5.960464477539063e-08
default-r2,serving,26,batch3_strided_late,0.069899,ok,compiled_cache,0,False,5.960464477539063e-08
default-r2,serving,27,batch0_contiguous,0.05157,ok,compiled_cache,0,False,0.0
default-r2,serving,27,batch1_contiguous,0.062368,ok,compiled_cache,0,False,1.4901161193847656e-08
default-r2,serving,27,batch2_contiguous,0.064859,ok,compiled_cache,0,False,5.960464477539063e-08
default-r2,serving,27,batch4_contiguous,0.065299,ok,compiled_cache,0,False,5.960464477539063e-08
default-r2,serving,27,batch2_strided,0.063669,ok,compiled_cache,0,False,5.960464477539063e-08
default-r2,serving,27,batch3_strided_late,0.065249,ok,compiled_cache,0,False,5.960464477539063e-08
default-r2,serving,28,batch0_contiguous,0.050899,ok,compiled_cache,0,False,0.0
default-r2,serving,28,batch1_contiguous,0.061378,ok,compiled_cache,0,False,1.4901161193847656e-08
default-r2,serving,28,batch2_contiguous,0.060588,ok,compiled_cache,0,False,5.960464477539063e-08
default-r2,serving,28,batch4_contiguous,0.058359,ok,compiled_cache,0,False,5.960464477539063e-08
default-r2,serving,28,batch2_strided,0.06969,ok,compiled_cache,0,False,5.960464477539063e-08
default-r2,serving,28,batch3_strided_late,0.068069,ok,compiled_cache,0,False,5.960464477539063e-08
default-r2,serving,29,batch0_contiguous,0.04612,ok,compiled_cache,0,False,0.0
default-r2,serving,29,batch1_contiguous,0.061689,ok,compiled_cache,0,False,1.4901161193847656e-08
default-r2,serving,29,batch2_contiguous,0.063239,ok,compiled_cache,0,False,5.960464477539063e-08
default-r2,serving,29,batch4_contiguous,0.067759,ok,compiled_cache,0,False,5.960464477539063e-08
default-r2,serving,29,batch2_strided,0.06408,ok,compiled_cache,0,False,5.960464477539063e-08
default-r2,serving,29,batch3_strided_late,0.074579,ok,compiled_cache,0,False,5.960464477539063e-08
default-r2,serving,30,batch0_contiguous,0.05517,ok,compiled_cache,0,False,0.0
default-r2,serving,30,batch1_contiguous,0.062729,ok,compiled_cache,0,False,1.4901161193847656e-08
default-r2,serving,30,batch2_contiguous,0.06135,ok,compiled_cache,0,False,5.960464477539063e-08
default-r2,serving,30,batch4_contiguous,0.060499,ok,compiled_cache,0,False,5.960464477539063e-08
default-r2,serving,30,batch2_strided,0.075169,ok,compiled_cache,0,False,5.960464477539063e-08
default-r2,serving,30,batch3_strided_late,0.066759,ok,compiled_cache,0,False,5.960464477539063e-08
default-r2,serving,31,batch0_contiguous,0.04774,ok,compiled_cache,0,False,0.0
default-r2,serving,31,batch1_contiguous,0.05731,ok,compiled_cache,0,False,1.4901161193847656e-08
default-r2,serving,31,batch2_contiguous,0.070638,ok,compiled_cache,0,False,5.960464477539063e-08
default-r2,serving,31,batch4_contiguous,0.06043,ok,compiled_cache,0,False,5.960464477539063e-08
default-r2,serving,31,batch2_strided,0.066898,ok,compiled_cache,0,False,5.960464477539063e-08
default-r2,serving,31,batch3_strided_late,0.071319,ok,compiled_cache,0,False,5.960464477539063e-08
default-r2,serving,32,batch0_contiguous,0.047629,ok,compiled_cache,0,False,0.0
default-r2,serving,32,batch1_contiguous,0.062729,ok,compiled_cache,0,False,1.4901161193847656e-08
default-r2,serving,32,batch2_contiguous,0.085199,ok,compiled_cache,0,False,5.960464477539063e-08
default-r2,serving,32,batch4_contiguous,0.068059,ok,compiled_cache,0,False,5.960464477539063e-08
default-r2,serving,32,batch2_strided,0.072289,ok,compiled_cache,0,False,5.960464477539063e-08
default-r2,serving,32,batch3_strided_late,0.065149,ok,compiled_cache,0,False,5.960464477539063e-08
default-r2,serving,33,batch0_contiguous,0.049629,ok,compiled_cache,0,False,0.0
default-r2,serving,33,batch1_contiguous,0.064599,ok,compiled_cache,0,False,1.4901161193847656e-08
default-r2,serving,33,batch2_contiguous,0.06368,ok,compiled_cache,0,False,5.960464477539063e-08
default-r2,serving,33,batch4_contiguous,0.061099,ok,compiled_cache,0,False,5.960464477539063e-08
default-r2,serving,33,batch2_strided,0.064219,ok,compiled_cache,0,False,5.960464477539063e-08
default-r2,serving,33,batch3_strided_late,0.067769,ok,compiled_cache,0,False,5.960464477539063e-08
default-r2,serving,34,batch0_contiguous,0.052489,ok,compiled_cache,0,False,0.0
default-r2,serving,34,batch1_contiguous,0.059319,ok,compiled_cache,0,False,1.4901161193847656e-08
default-r2,serving,34,batch2_contiguous,0.06089,ok,compiled_cache,0,False,5.960464477539063e-08
default-r2,serving,34,batch4_contiguous,0.066459,ok,compiled_cache,0,False,5.960464477539063e-08
default-r2,serving,34,batch2_strided,0.06868,ok,compiled_cache,0,False,5.960464477539063e-08
default-r2,serving,34,batch3_strided_late,0.064159,ok,compiled_cache,0,False,5.960464477539063e-08
default-r2,serving,35,batch0_contiguous,0.055289,ok,compiled_cache,0,False,0.0
default-r2,serving,35,batch1_contiguous,0.059269,ok,compiled_cache,0,False,1.4901161193847656e-08
default-r2,serving,35,batch2_contiguous,0.06202,ok,compiled_cache,0,False,5.960464477539063e-08
default-r2,serving,35,batch4_contiguous,0.065549,ok,compiled_cache,0,False,5.960464477539063e-08
default-r2,serving,35,batch2_strided,0.06365,ok,compiled_cache,0,False,5.960464477539063e-08
default-r2,serving,35,batch3_strided_late,0.07625,ok,compiled_cache,0,False,5.960464477539063e-08
default-r2,serving,36,batch0_contiguous,0.04611,ok,compiled_cache,0,False,0.0
default-r2,serving,36,batch1_contiguous,0.061509,ok,compiled_cache,0,False,1.4901161193847656e-08
default-r2,serving,36,batch2_contiguous,0.06074,ok,compiled_cache,0,False,5.960464477539063e-08
default-r2,serving,36,batch4_contiguous,0.070769,ok,compiled_cache,0,False,5.960464477539063e-08
default-r2,serving,36,batch2_strided,0.06498,ok,compiled_cache,0,False,5.960464477539063e-08
default-r2,serving,36,batch3_strided_late,0.06431,ok,compiled_cache,0,False,5.960464477539063e-08
default-r2,serving,37,batch0_contiguous,0.05157,ok,compiled_cache,0,False,0.0
default-r2,serving,37,batch1_contiguous,0.06933,ok,compiled_cache,0,False,1.4901161193847656e-08
default-r2,serving,37,batch2_contiguous,0.061099,ok,compiled_cache,0,False,5.960464477539063e-08
default-r2,serving,37,batch4_contiguous,0.060909,ok,compiled_cache,0,False,5.960464477539063e-08
default-r2,serving,37,batch2_strided,0.069019,ok,compiled_cache,0,False,5.960464477539063e-08
default-r2,serving,37,batch3_strided_late,0.06815,ok,compiled_cache,0,False,5.960464477539063e-08
default-r2,serving,38,batch0_contiguous,0.0483,ok,compiled_cache,0,False,0.0
default-r2,serving,38,batch1_contiguous,0.05839,ok,compiled_cache,0,False,1.4901161193847656e-08
default-r2,serving,38,batch2_contiguous,0.062169,ok,compiled_cache,0,False,5.960464477539063e-08
default-r2,serving,38,batch4_contiguous,0.066489,ok,compiled_cache,0,False,5.960464477539063e-08
default-r2,serving,38,batch2_strided,0.064689,ok,compiled_cache,0,False,5.960464477539063e-08
default-r2,serving,38,batch3_strided_late,0.064999,ok,compiled_cache,0,False,5.960464477539063e-08
default-r2,serving,39,batch0_contiguous,0.050251,ok,compiled_cache,0,False,0.0
default-r2,serving,39,batch1_contiguous,0.062339,ok,compiled_cache,0,False,1.4901161193847656e-08
default-r2,serving,39,batch2_contiguous,0.062009,ok,compiled_cache,0,False,5.960464477539063e-08
default-r2,serving,39,batch4_contiguous,0.060249,ok,compiled_cache,0,False,5.960464477539063e-08
default-r2,serving,39,batch2_strided,0.06549,ok,compiled_cache,0,False,5.960464477539063e-08
default-r2,serving,39,batch3_strided_late,0.071158,ok,compiled_cache,0,False,5.960464477539063e-08
default-r2,serving,40,batch0_contiguous,0.045431,ok,compiled_cache,0,False,0.0
default-r2,serving,40,batch1_contiguous,0.057968,ok,compiled_cache,0,False,1.4901161193847656e-08
default-r2,serving,40,batch2_contiguous,0.063909,ok,compiled_cache,0,False,5.960464477539063e-08
default-r2,serving,40,batch4_contiguous,0.062659,ok,compiled_cache,0,False,5.960464477539063e-08
default-r2,serving,40,batch2_strided,0.066469,ok,compiled_cache,0,False,5.960464477539063e-08
default-r2,serving,40,batch3_strided_late,0.074479,ok,compiled_cache,0,False,5.960464477539063e-08
default-r2,serving,41,batch0_contiguous,0.05322,ok,compiled_cache,0,False,0.0
default-r2,serving,41,batch1_contiguous,0.063439,ok,compiled_cache,0,False,1.4901161193847656e-08
default-r2,serving,41,batch2_contiguous,0.060859,ok,compiled_cache,0,False,5.960464477539063e-08
default-r2,serving,41,batch4_contiguous,0.065419,ok,compiled_cache,0,False,5.960464477539063e-08
default-r2,serving,41,batch2_strided,0.075569,ok,compiled_cache,0,False,5.960464477539063e-08
default-r2,serving,41,batch3_strided_late,0.06621,ok,compiled_cache,0,False,5.960464477539063e-08
default-r2,serving,42,batch0_contiguous,0.045249,ok,compiled_cache,0,False,0.0
default-r2,serving,42,batch1_contiguous,0.060469,ok,compiled_cache,0,False,1.4901161193847656e-08
default-r2,serving,42,batch2_contiguous,0.070169,ok,compiled_cache,0,False,5.960464477539063e-08
default-r2,serving,42,batch4_contiguous,0.085449,ok,compiled_cache,0,False,5.960464477539063e-08
default-r2,serving,42,batch2_strided,0.065939,ok,compiled_cache,0,False,5.960464477539063e-08
default-r2,serving,42,batch3_strided_late,0.071429,ok,compiled_cache,0,False,5.960464477539063e-08
default-r2,serving,43,batch0_contiguous,0.049749,ok,compiled_cache,0,False,0.0
default-r2,serving,43,batch1_contiguous,0.060019,ok,compiled_cache,0,False,1.4901161193847656e-08
default-r2,serving,43,batch2_contiguous,0.06617,ok,compiled_cache,0,False,5.960464477539063e-08
default-r2,serving,43,batch4_contiguous,0.063939,ok,compiled_cache,0,False,5.960464477539063e-08
default-r2,serving,43,batch2_strided,0.070019,ok,compiled_cache,0,False,5.960464477539063e-08
default-r2,serving,43,batch3_strided_late,0.064739,ok,compiled_cache,0,False,5.960464477539063e-08
default-r2,serving,44,batch0_contiguous,0.044849,ok,compiled_cache,0,False,0.0
default-r2,serving,44,batch1_contiguous,0.061839,ok,compiled_cache,0,False,1.4901161193847656e-08
default-r2,serving,44,batch2_contiguous,0.063849,ok,compiled_cache,0,False,5.960464477539063e-08
default-r2,serving,44,batch4_contiguous,0.066099,ok,compiled_cache,0,False,5.960464477539063e-08
default-r2,serving,44,batch2_strided,0.063479,ok,compiled_cache,0,False,5.960464477539063e-08
default-r2,serving,44,batch3_strided_late,0.066919,ok,compiled_cache,0,False,5.960464477539063e-08
default-r2,serving,45,batch0_contiguous,0.048379,ok,compiled_cache,0,False,0.0
default-r2,serving,45,batch1_contiguous,0.062019,ok,compiled_cache,0,False,1.4901161193847656e-08
default-r2,serving,45,batch2_contiguous,0.06043,ok,compiled_cache,0,False,5.960464477539063e-08
default-r2,serving,45,batch4_contiguous,0.06382,ok,compiled_cache,0,False,5.960464477539063e-08
default-r2,serving,45,batch2_strided,0.065509,ok,compiled_cache,0,False,5.960464477539063e-08
default-r2,serving,45,batch3_strided_late,0.067629,ok,compiled_cache,0,False,5.960464477539063e-08
default-r2,serving,46,batch0_contiguous,0.04458,ok,compiled_cache,0,False,0.0
default-r2,serving,46,batch1_contiguous,0.06017,ok,compiled_cache,0,False,1.4901161193847656e-08
default-r2,serving,46,batch2_contiguous,0.063088,ok,compiled_cache,0,False,5.960464477539063e-08
default-r2,serving,46,batch4_contiguous,0.06019,ok,compiled_cache,0,False,5.960464477539063e-08
default-r2,serving,46,batch2_strided,0.06699,ok,compiled_cache,0,False,5.960464477539063e-08
default-r2,serving,46,batch3_strided_late,0.070579,ok,compiled_cache,0,False,5.960464477539063e-08
default-r2,serving,47,batch0_contiguous,0.04598,ok,compiled_cache,0,False,0.0
default-r2,serving,47,batch1_contiguous,0.05865,ok,compiled_cache,0,False,1.4901161193847656e-08
default-r2,serving,47,batch2_contiguous,0.060109,ok,compiled_cache,0,False,5.960464477539063e-08
default-r2,serving,47,batch4_contiguous,0.065819,ok,compiled_cache,0,False,5.960464477539063e-08
default-r2,serving,47,batch2_strided,0.066639,ok,compiled_cache,0,False,5.960464477539063e-08
default-r2,serving,47,batch3_strided_late,0.064209,ok,compiled_cache,0,False,5.960464477539063e-08
default-r2,serving,48,batch0_contiguous,0.05603,ok,compiled_cache,0,False,0.0
default-r2,serving,48,batch1_contiguous,0.0642,ok,compiled_cache,0,False,1.4901161193847656e-08
default-r2,serving,48,batch2_contiguous,0.063389,ok,compiled_cache,0,False,5.960464477539063e-08
default-r2,serving,48,batch4_contiguous,0.060379,ok,compiled_cache,0,False,5.960464477539063e-08
default-r2,serving,48,batch2_strided,0.075279,ok,compiled_cache,0,False,5.960464477539063e-08
default-r2,serving,48,batch3_strided_late,0.071689,ok,compiled_cache,0,False,5.960464477539063e-08
default-r2,serving,49,batch0_contiguous,0.04588,ok,compiled_cache,0,False,0.0
default-r2,serving,49,batch1_contiguous,0.05934,ok,compiled_cache,0,False,1.4901161193847656e-08
default-r2,serving,49,batch2_contiguous,0.060379,ok,compiled_cache,0,False,5.960464477539063e-08
default-r2,serving,49,batch4_contiguous,0.071259,ok,compiled_cache,0,False,5.960464477539063e-08
default-r2,serving,49,batch2_strided,0.068588,ok,compiled_cache,0,False,5.960464477539063e-08
default-r2,serving,49,batch3_strided_late,0.065549,ok,compiled_cache,0,False,5.960464477539063e-08
default-r3,serving,0,batch0_contiguous,819.947987,ok,compiled_new_variant,1,False,0.0
default-r3,serving,0,batch1_contiguous,325.276602,ok,compiled_new_variant,1,False,1.4901161193847656e-08
default-r3,serving,0,batch2_contiguous,140.989071,ok,compiled_new_variant,1,False,5.960464477539063e-08
default-r3,serving,0,batch4_contiguous,84.04292,ok,compiled_new_variant,1,False,5.960464477539063e-08
default-r3,serving,0,batch2_strided,133.741145,ok,compiled_new_variant,1,False,5.960464477539063e-08
default-r3,serving,0,batch3_strided_late,126.5417,ok,compiled_new_variant,1,False,5.960464477539063e-08
default-r3,serving,1,batch0_contiguous,0.138798,ok,compiled_cache,0,False,0.0
default-r3,serving,1,batch1_contiguous,0.119158,ok,compiled_cache,0,False,1.4901161193847656e-08
default-r3,serving,1,batch2_contiguous,0.095579,ok,compiled_cache,0,False,5.960464477539063e-08
default-r3,serving,1,batch4_contiguous,0.088159,ok,compiled_cache,0,False,5.960464477539063e-08
default-r3,serving,1,batch2_strided,0.083829,ok,compiled_cache,0,False,5.960464477539063e-08
default-r3,serving,1,batch3_strided_late,0.085459,ok,compiled_cache,0,False,5.960464477539063e-08
default-r3,serving,2,batch0_contiguous,0.052569,ok,compiled_cache,0,False,0.0
default-r3,serving,2,batch1_contiguous,0.065699,ok,compiled_cache,0,False,1.4901161193847656e-08
default-r3,serving,2,batch2_contiguous,0.087899,ok,compiled_cache,0,False,5.960464477539063e-08
default-r3,serving,2,batch4_contiguous,0.07016,ok,compiled_cache,0,False,5.960464477539063e-08
default-r3,serving,2,batch2_strided,0.071149,ok,compiled_cache,0,False,5.960464477539063e-08
default-r3,serving,2,batch3_strided_late,0.070599,ok,compiled_cache,0,False,5.960464477539063e-08
default-r3,serving,3,batch0_contiguous,0.049339,ok,compiled_cache,0,False,0.0
default-r3,serving,3,batch1_contiguous,0.063919,ok,compiled_cache,0,False,1.4901161193847656e-08
default-r3,serving,3,batch2_contiguous,0.064351,ok,compiled_cache,0,False,5.960464477539063e-08
default-r3,serving,3,batch4_contiguous,0.061388,ok,compiled_cache,0,False,5.960464477539063e-08
default-r3,serving,3,batch2_strided,0.069699,ok,compiled_cache,0,False,5.960464477539063e-08
default-r3,serving,3,batch3_strided_late,0.070969,ok,compiled_cache,0,False,5.960464477539063e-08
default-r3,serving,4,batch0_contiguous,0.04984,ok,compiled_cache,0,False,0.0
default-r3,serving,4,batch1_contiguous,0.064049,ok,compiled_cache,0,False,1.4901161193847656e-08
default-r3,serving,4,batch2_contiguous,0.07785,ok,compiled_cache,0,False,5.960464477539063e-08
default-r3,serving,4,batch4_contiguous,0.065768,ok,compiled_cache,0,False,5.960464477539063e-08
default-r3,serving,4,batch2_strided,0.067649,ok,compiled_cache,0,False,5.960464477539063e-08
default-r3,serving,4,batch3_strided_late,0.070689,ok,compiled_cache,0,False,5.960464477539063e-08
default-r3,serving,5,batch0_contiguous,0.049569,ok,compiled_cache,0,False,0.0
default-r3,serving,5,batch1_contiguous,0.061629,ok,compiled_cache,0,False,1.4901161193847656e-08
default-r3,serving,5,batch2_contiguous,0.062729,ok,compiled_cache,0,False,5.960464477539063e-08
default-r3,serving,5,batch4_contiguous,0.066279,ok,compiled_cache,0,False,5.960464477539063e-08
default-r3,serving,5,batch2_strided,0.070549,ok,compiled_cache,0,False,5.960464477539063e-08
default-r3,serving,5,batch3_strided_late,0.066589,ok,compiled_cache,0,False,5.960464477539063e-08
default-r3,serving,6,batch0_contiguous,0.04666,ok,compiled_cache,0,False,0.0
default-r3,serving,6,batch1_contiguous,0.06381,ok,compiled_cache,0,False,1.4901161193847656e-08
default-r3,serving,6,batch2_contiguous,0.065289,ok,compiled_cache,0,False,5.960464477539063e-08
default-r3,serving,6,batch4_contiguous,0.062629,ok,compiled_cache,0,False,5.960464477539063e-08
default-r3,serving,6,batch2_strided,0.066348,ok,compiled_cache,0,False,5.960464477539063e-08
default-r3,serving,6,batch3_strided_late,0.075719,ok,compiled_cache,0,False,5.960464477539063e-08
default-r3,serving,7,batch0_contiguous,0.048279,ok,compiled_cache,0,False,0.0
default-r3,serving,7,batch1_contiguous,0.059519,ok,compiled_cache,0,False,1.4901161193847656e-08
default-r3,serving,7,batch2_contiguous,0.060359,ok,compiled_cache,0,False,5.960464477539063e-08
default-r3,serving,7,batch4_contiguous,0.062911,ok,compiled_cache,0,False,5.960464477539063e-08
default-r3,serving,7,batch2_strided,0.06693,ok,compiled_cache,0,False,5.960464477539063e-08
default-r3,serving,7,batch3_strided_late,0.064929,ok,compiled_cache,0,False,5.960464477539063e-08
default-r3,serving,8,batch0_contiguous,0.05782,ok,compiled_cache,0,False,0.0
default-r3,serving,8,batch1_contiguous,0.05961,ok,compiled_cache,0,False,1.4901161193847656e-08
default-r3,serving,8,batch2_contiguous,0.061749,ok,compiled_cache,0,False,5.960464477539063e-08
default-r3,serving,8,batch4_contiguous,0.060249,ok,compiled_cache,0,False,5.960464477539063e-08
default-r3,serving,8,batch2_strided,0.07553,ok,compiled_cache,0,False,5.960464477539063e-08
default-r3,serving,8,batch3_strided_late,0.071658,ok,compiled_cache,0,False,5.960464477539063e-08
default-r3,serving,9,batch0_contiguous,0.048269,ok,compiled_cache,0,False,0.0
default-r3,serving,9,batch1_contiguous,0.060949,ok,compiled_cache,0,False,1.4901161193847656e-08
default-r3,serving,9,batch2_contiguous,0.060419,ok,compiled_cache,0,False,5.960464477539063e-08
default-r3,serving,9,batch4_contiguous,0.07484,ok,compiled_cache,0,False,5.960464477539063e-08
default-r3,serving,9,batch2_strided,0.06687,ok,compiled_cache,0,False,5.960464477539063e-08
default-r3,serving,9,batch3_strided_late,0.066008,ok,compiled_cache,0,False,5.960464477539063e-08
default-r3,serving,10,batch0_contiguous,0.048849,ok,compiled_cache,0,False,0.0
default-r3,serving,10,batch1_contiguous,0.072129,ok,compiled_cache,0,False,1.4901161193847656e-08
default-r3,serving,10,batch2_contiguous,0.062549,ok,compiled_cache,0,False,5.960464477539063e-08
default-r3,serving,10,batch4_contiguous,0.06075,ok,compiled_cache,0,False,5.960464477539063e-08
default-r3,serving,10,batch2_strided,0.067728,ok,compiled_cache,0,False,5.960464477539063e-08
default-r3,serving,10,batch3_strided_late,0.07385,ok,compiled_cache,0,False,5.960464477539063e-08
default-r3,serving,11,batch0_contiguous,0.049669,ok,compiled_cache,0,False,0.0
default-r3,serving,11,batch1_contiguous,0.060479,ok,compiled_cache,0,False,1.4901161193847656e-08
default-r3,serving,11,batch2_contiguous,0.06497,ok,compiled_cache,0,False,5.960464477539063e-08
default-r3,serving,11,batch4_contiguous,0.063159,ok,compiled_cache,0,False,5.960464477539063e-08
default-r3,serving,11,batch2_strided,0.066379,ok,compiled_cache,0,False,5.960464477539063e-08
default-r3,serving,11,batch3_strided_late,0.06455,ok,compiled_cache,0,False,5.960464477539063e-08
default-r3,serving,12,batch0_contiguous,0.098788,ok,compiled_cache,0,False,0.0
default-r3,serving,12,batch1_contiguous,0.063539,ok,compiled_cache,0,False,1.4901161193847656e-08
default-r3,serving,12,batch2_contiguous,0.062759,ok,compiled_cache,0,False,5.960464477539063e-08
default-r3,serving,12,batch4_contiguous,0.06097,ok,compiled_cache,0,False,5.960464477539063e-08
default-r3,serving,12,batch2_strided,0.078509,ok,compiled_cache,0,False,5.960464477539063e-08
default-r3,serving,12,batch3_strided_late,0.06741,ok,compiled_cache,0,False,5.960464477539063e-08
default-r3,serving,13,batch0_contiguous,0.046248,ok,compiled_cache,0,False,0.0
default-r3,serving,13,batch1_contiguous,0.059409,ok,compiled_cache,0,False,1.4901161193847656e-08
default-r3,serving,13,batch2_contiguous,0.074489,ok,compiled_cache,0,False,5.960464477539063e-08
default-r3,serving,13,batch4_contiguous,0.062169,ok,compiled_cache,0,False,5.960464477539063e-08
default-r3,serving,13,batch2_strided,0.064899,ok,compiled_cache,0,False,5.960464477539063e-08
default-r3,serving,13,batch3_strided_late,0.06771,ok,compiled_cache,0,False,5.960464477539063e-08
default-r3,serving,14,batch0_contiguous,0.04849,ok,compiled_cache,0,False,0.0
default-r3,serving,14,batch1_contiguous,0.058729,ok,compiled_cache,0,False,1.4901161193847656e-08
default-r3,serving,14,batch2_contiguous,0.062169,ok,compiled_cache,0,False,5.960464477539063e-08
default-r3,serving,14,batch4_contiguous,0.075639,ok,compiled_cache,0,False,5.960464477539063e-08
default-r3,serving,14,batch2_strided,0.067519,ok,compiled_cache,0,False,5.960464477539063e-08
default-r3,serving,14,batch3_strided_late,0.066149,ok,compiled_cache,0,False,5.960464477539063e-08
default-r3,serving,15,batch0_contiguous,0.046488,ok,compiled_cache,0,False,0.0
default-r3,serving,15,batch1_contiguous,0.071639,ok,compiled_cache,0,False,1.4901161193847656e-08
default-r3,serving,15,batch2_contiguous,0.065859,ok,compiled_cache,0,False,5.960464477539063e-08
default-r3,serving,15,batch4_contiguous,0.060499,ok,compiled_cache,0,False,5.960464477539063e-08
default-r3,serving,15,batch2_strided,0.063609,ok,compiled_cache,0,False,5.960464477539063e-08
default-r3,serving,15,batch3_strided_late,0.068939,ok,compiled_cache,0,False,5.960464477539063e-08
default-r3,serving,16,batch0_contiguous,0.047599,ok,compiled_cache,0,False,0.0
default-r3,serving,16,batch1_contiguous,0.059739,ok,compiled_cache,0,False,1.4901161193847656e-08
default-r3,serving,16,batch2_contiguous,0.061299,ok,compiled_cache,0,False,5.960464477539063e-08
default-r3,serving,16,batch4_contiguous,0.062579,ok,compiled_cache,0,False,5.960464477539063e-08
default-r3,serving,16,batch2_strided,0.071899,ok,compiled_cache,0,False,5.960464477539063e-08
default-r3,serving,16,batch3_strided_late,0.066189,ok,compiled_cache,0,False,5.960464477539063e-08
default-r3,serving,17,batch0_contiguous,0.045469,ok,compiled_cache,0,False,0.0
default-r3,serving,17,batch1_contiguous,0.060939,ok,compiled_cache,0,False,1.4901161193847656e-08
default-r3,serving,17,batch2_contiguous,0.063988,ok,compiled_cache,0,False,5.960464477539063e-08
default-r3,serving,17,batch4_contiguous,0.059719,ok,compiled_cache,0,False,5.960464477539063e-08
default-r3,serving,17,batch2_strided,0.062669,ok,compiled_cache,0,False,5.960464477539063e-08
default-r3,serving,17,batch3_strided_late,0.074909,ok,compiled_cache,0,False,5.960464477539063e-08
default-r3,serving,18,batch0_contiguous,0.048419,ok,compiled_cache,0,False,0.0
default-r3,serving,18,batch1_contiguous,0.060159,ok,compiled_cache,0,False,1.4901161193847656e-08
default-r3,serving,18,batch2_contiguous,0.06337,ok,compiled_cache,0,False,5.960464477539063e-08
default-r3,serving,18,batch4_contiguous,0.063899,ok,compiled_cache,0,False,5.960464477539063e-08
default-r3,serving,18,batch2_strided,0.066269,ok,compiled_cache,0,False,5.960464477539063e-08
default-r3,serving,18,batch3_strided_late,0.06655,ok,compiled_cache,0,False,5.960464477539063e-08
default-r3,serving,19,batch0_contiguous,0.058739,ok,compiled_cache,0,False,0.0
default-r3,serving,19,batch1_contiguous,0.061449,ok,compiled_cache,0,False,1.4901161193847656e-08
default-r3,serving,19,batch2_contiguous,0.06332,ok,compiled_cache,0,False,5.960464477539063e-08
default-r3,serving,19,batch4_contiguous,0.061608,ok,compiled_cache,0,False,5.960464477539063e-08
default-r3,serving,19,batch2_strided,0.087049,ok,compiled_cache,0,False,5.960464477539063e-08
default-r3,serving,19,batch3_strided_late,0.069139,ok,compiled_cache,0,False,5.960464477539063e-08
default-r3,serving,20,batch0_contiguous,0.04978,ok,compiled_cache,0,False,0.0
default-r3,serving,20,batch1_contiguous,0.06152,ok,compiled_cache,0,False,1.4901161193847656e-08
default-r3,serving,20,batch2_contiguous,0.076839,ok,compiled_cache,0,False,5.960464477539063e-08
default-r3,serving,20,batch4_contiguous,0.06452,ok,compiled_cache,0,False,5.960464477539063e-08
default-r3,serving,20,batch2_strided,0.065899,ok,compiled_cache,0,False,5.960464477539063e-08
default-r3,serving,20,batch3_strided_late,0.066639,ok,compiled_cache,0,False,5.960464477539063e-08
default-r3,serving,21,batch0_contiguous,0.04844,ok,compiled_cache,0,False,0.0
default-r3,serving,21,batch1_contiguous,0.06133,ok,compiled_cache,0,False,1.4901161193847656e-08
default-r3,serving,21,batch2_contiguous,0.062719,ok,compiled_cache,0,False,5.960464477539063e-08
default-r3,serving,21,batch4_contiguous,0.065049,ok,compiled_cache,0,False,5.960464477539063e-08
default-r3,serving,21,batch2_strided,0.067729,ok,compiled_cache,0,False,5.960464477539063e-08
default-r3,serving,21,batch3_strided_late,0.069439,ok,compiled_cache,0,False,5.960464477539063e-08
default-r3,serving,22,batch0_contiguous,0.046439,ok,compiled_cache,0,False,0.0
default-r3,serving,22,batch1_contiguous,0.090599,ok,compiled_cache,0,False,1.4901161193847656e-08
default-r3,serving,22,batch2_contiguous,0.065198,ok,compiled_cache,0,False,5.960464477539063e-08
default-r3,serving,22,batch4_contiguous,0.06521,ok,compiled_cache,0,False,5.960464477539063e-08
default-r3,serving,22,batch2_strided,0.068549,ok,compiled_cache,0,False,5.960464477539063e-08
default-r3,serving,22,batch3_strided_late,0.067769,ok,compiled_cache,0,False,5.960464477539063e-08
default-r3,serving,23,batch0_contiguous,0.046829,ok,compiled_cache,0,False,0.0
default-r3,serving,23,batch1_contiguous,0.059259,ok,compiled_cache,0,False,1.4901161193847656e-08
default-r3,serving,23,batch2_contiguous,0.060959,ok,compiled_cache,0,False,5.960464477539063e-08
default-r3,serving,23,batch4_contiguous,0.073369,ok,compiled_cache,0,False,5.960464477539063e-08
default-r3,serving,23,batch2_strided,0.066839,ok,compiled_cache,0,False,5.960464477539063e-08
default-r3,serving,23,batch3_strided_late,0.0728,ok,compiled_cache,0,False,5.960464477539063e-08
default-r3,serving,24,batch0_contiguous,0.049219,ok,compiled_cache,0,False,0.0
default-r3,serving,24,batch1_contiguous,0.072849,ok,compiled_cache,0,False,1.4901161193847656e-08
default-r3,serving,24,batch2_contiguous,0.06554,ok,compiled_cache,0,False,5.960464477539063e-08
default-r3,serving,24,batch4_contiguous,0.060739,ok,compiled_cache,0,False,5.960464477539063e-08
default-r3,serving,24,batch2_strided,0.066199,ok,compiled_cache,0,False,5.960464477539063e-08
default-r3,serving,24,batch3_strided_late,0.068819,ok,compiled_cache,0,False,5.960464477539063e-08
default-r3,serving,25,batch0_contiguous,0.048039,ok,compiled_cache,0,False,0.0
default-r3,serving,25,batch1_contiguous,0.060209,ok,compiled_cache,0,False,1.4901161193847656e-08
default-r3,serving,25,batch2_contiguous,0.067139,ok,compiled_cache,0,False,5.960464477539063e-08
default-r3,serving,25,batch4_contiguous,0.063738,ok,compiled_cache,0,False,5.960464477539063e-08
default-r3,serving,25,batch2_strided,0.071639,ok,compiled_cache,0,False,5.960464477539063e-08
default-r3,serving,25,batch3_strided_late,0.065599,ok,compiled_cache,0,False,5.960464477539063e-08
default-r3,serving,26,batch0_contiguous,0.049509,ok,compiled_cache,0,False,0.0
default-r3,serving,26,batch1_contiguous,0.063839,ok,compiled_cache,0,False,1.4901161193847656e-08
default-r3,serving,26,batch2_contiguous,0.064049,ok,compiled_cache,0,False,5.960464477539063e-08
default-r3,serving,26,batch4_contiguous,0.060659,ok,compiled_cache,0,False,5.960464477539063e-08
default-r3,serving,26,batch2_strided,0.063628,ok,compiled_cache,0,False,5.960464477539063e-08
default-r3,serving,26,batch3_strided_late,0.080028,ok,compiled_cache,0,False,5.960464477539063e-08
default-r3,serving,27,batch0_contiguous,0.047419,ok,compiled_cache,0,False,0.0
default-r3,serving,27,batch1_contiguous,0.058239,ok,compiled_cache,0,False,1.4901161193847656e-08
default-r3,serving,27,batch2_contiguous,0.062789,ok,compiled_cache,0,False,5.960464477539063e-08
default-r3,serving,27,batch4_contiguous,0.073039,ok,compiled_cache,0,False,5.960464477539063e-08
default-r3,serving,27,batch2_strided,0.067431,ok,compiled_cache,0,False,5.960464477539063e-08
default-r3,serving,27,batch3_strided_late,0.06553,ok,compiled_cache,0,False,5.960464477539063e-08
default-r3,serving,28,batch0_contiguous,0.0481,ok,compiled_cache,0,False,0.0
default-r3,serving,28,batch1_contiguous,0.060149,ok,compiled_cache,0,False,1.4901161193847656e-08
default-r3,serving,28,batch2_contiguous,0.065979,ok,compiled_cache,0,False,5.960464477539063e-08
default-r3,serving,28,batch4_contiguous,0.059859,ok,compiled_cache,0,False,5.960464477539063e-08
default-r3,serving,28,batch2_strided,0.080539,ok,compiled_cache,0,False,5.960464477539063e-08
default-r3,serving,28,batch3_strided_late,0.068779,ok,compiled_cache,0,False,5.960464477539063e-08
default-r3,serving,29,batch0_contiguous,0.049779,ok,compiled_cache,0,False,0.0
default-r3,serving,29,batch1_contiguous,0.063309,ok,compiled_cache,0,False,1.4901161193847656e-08
default-r3,serving,29,batch2_contiguous,0.075599,ok,compiled_cache,0,False,5.960464477539063e-08
default-r3,serving,29,batch4_contiguous,0.062209,ok,compiled_cache,0,False,5.960464477539063e-08
default-r3,serving,29,batch2_strided,0.06332,ok,compiled_cache,0,False,5.960464477539063e-08
default-r3,serving,29,batch3_strided_late,0.067739,ok,compiled_cache,0,False,5.960464477539063e-08
default-r3,serving,30,batch0_contiguous,0.047579,ok,compiled_cache,0,False,0.0
default-r3,serving,30,batch1_contiguous,0.060949,ok,compiled_cache,0,False,1.4901161193847656e-08
default-r3,serving,30,batch2_contiguous,0.0626,ok,compiled_cache,0,False,5.960464477539063e-08
default-r3,serving,30,batch4_contiguous,0.059919,ok,compiled_cache,0,False,5.960464477539063e-08
default-r3,serving,30,batch2_strided,0.070639,ok,compiled_cache,0,False,5.960464477539063e-08
default-r3,serving,30,batch3_strided_late,0.071028,ok,compiled_cache,0,False,5.960464477539063e-08
default-r3,serving,31,batch0_contiguous,0.049319,ok,compiled_cache,0,False,0.0
default-r3,serving,31,batch1_contiguous,0.058979,ok,compiled_cache,0,False,1.4901161193847656e-08
default-r3,serving,31,batch2_contiguous,0.0666,ok,compiled_cache,0,False,5.960464477539063e-08
default-r3,serving,31,batch4_contiguous,0.063909,ok,compiled_cache,0,False,5.960464477539063e-08
default-r3,serving,31,batch2_strided,0.069009,ok,compiled_cache,0,False,5.960464477539063e-08
default-r3,serving,31,batch3_strided_late,0.064059,ok,compiled_cache,0,False,5.960464477539063e-08
default-r3,serving,32,batch0_contiguous,0.04957,ok,compiled_cache,0,False,0.0
default-r3,serving,32,batch1_contiguous,0.06341,ok,compiled_cache,0,False,1.4901161193847656e-08
default-r3,serving,32,batch2_contiguous,0.086419,ok,compiled_cache,0,False,5.960464477539063e-08
default-r3,serving,32,batch4_contiguous,0.06247,ok,compiled_cache,0,False,5.960464477539063e-08
default-r3,serving,32,batch2_strided,0.079089,ok,compiled_cache,0,False,5.960464477539063e-08
default-r3,serving,32,batch3_strided_late,0.070729,ok,compiled_cache,0,False,5.960464477539063e-08
default-r3,serving,33,batch0_contiguous,0.046619,ok,compiled_cache,0,False,0.0
default-r3,serving,33,batch1_contiguous,0.0577,ok,compiled_cache,0,False,1.4901161193847656e-08
default-r3,serving,33,batch2_contiguous,0.062148,ok,compiled_cache,0,False,5.960464477539063e-08
default-r3,serving,33,batch4_contiguous,0.06407,ok,compiled_cache,0,False,5.960464477539063e-08
default-r3,serving,33,batch2_strided,0.063109,ok,compiled_cache,0,False,5.960464477539063e-08
default-r3,serving,33,batch3_strided_late,0.075859,ok,compiled_cache,0,False,5.960464477539063e-08
default-r3,serving,34,batch0_contiguous,0.04693,ok,compiled_cache,0,False,0.0
default-r3,serving,34,batch1_contiguous,0.05844,ok,compiled_cache,0,False,1.4901161193847656e-08
default-r3,serving,34,batch2_contiguous,0.06291,ok,compiled_cache,0,False,5.960464477539063e-08
default-r3,serving,34,batch4_contiguous,0.071399,ok,compiled_cache,0,False,5.960464477539063e-08
default-r3,serving,34,batch2_strided,0.072019,ok,compiled_cache,0,False,5.960464477539063e-08
default-r3,serving,34,batch3_strided_late,0.06504,ok,compiled_cache,0,False,5.960464477539063e-08
default-r3,serving,35,batch0_contiguous,0.04709,ok,compiled_cache,0,False,0.0
default-r3,serving,35,batch1_contiguous,0.06855,ok,compiled_cache,0,False,1.4901161193847656e-08
default-r3,serving,35,batch2_contiguous,0.070839,ok,compiled_cache,0,False,5.960464477539063e-08
default-r3,serving,35,batch4_contiguous,0.060799,ok,compiled_cache,0,False,5.960464477539063e-08
default-r3,serving,35,batch2_strided,0.06309,ok,compiled_cache,0,False,5.960464477539063e-08
default-r3,serving,35,batch3_strided_late,0.072389,ok,compiled_cache,0,False,5.960464477539063e-08
default-r3,serving,36,batch0_contiguous,0.04761,ok,compiled_cache,0,False,0.0
default-r3,serving,36,batch1_contiguous,0.063449,ok,compiled_cache,0,False,1.4901161193847656e-08
default-r3,serving,36,batch2_contiguous,0.061399,ok,compiled_cache,0,False,5.960464477539063e-08
default-r3,serving,36,batch4_contiguous,0.067351,ok,compiled_cache,0,False,5.960464477539063e-08
default-r3,serving,36,batch2_strided,0.068719,ok,compiled_cache,0,False,5.960464477539063e-08
default-r3,serving,36,batch3_strided_late,0.06531,ok,compiled_cache,0,False,5.960464477539063e-08
default-r3,serving,37,batch0_contiguous,0.04548,ok,compiled_cache,0,False,0.0
default-r3,serving,37,batch1_contiguous,0.062169,ok,compiled_cache,0,False,1.4901161193847656e-08
default-r3,serving,37,batch2_contiguous,0.068259,ok,compiled_cache,0,False,5.960464477539063e-08
default-r3,serving,37,batch4_contiguous,0.06122,ok,compiled_cache,0,False,5.960464477539063e-08
default-r3,serving,37,batch2_strided,0.069439,ok,compiled_cache,0,False,5.960464477539063e-08
default-r3,serving,37,batch3_strided_late,0.06816,ok,compiled_cache,0,False,5.960464477539063e-08
default-r3,serving,38,batch0_contiguous,0.050549,ok,compiled_cache,0,False,0.0
default-r3,serving,38,batch1_contiguous,0.060509,ok,compiled_cache,0,False,1.4901161193847656e-08
default-r3,serving,38,batch2_contiguous,0.060479,ok,compiled_cache,0,False,5.960464477539063e-08
default-r3,serving,38,batch4_contiguous,0.06342,ok,compiled_cache,0,False,5.960464477539063e-08
default-r3,serving,38,batch2_strided,0.065418,ok,compiled_cache,0,False,5.960464477539063e-08
default-r3,serving,38,batch3_strided_late,0.06886,ok,compiled_cache,0,False,5.960464477539063e-08
default-r3,serving,39,batch0_contiguous,0.058749,ok,compiled_cache,0,False,0.0
default-r3,serving,39,batch1_contiguous,0.062619,ok,compiled_cache,0,False,1.4901161193847656e-08
default-r3,serving,39,batch2_contiguous,0.06689,ok,compiled_cache,0,False,5.960464477539063e-08
default-r3,serving,39,batch4_contiguous,0.06221,ok,compiled_cache,0,False,5.960464477539063e-08
default-r3,serving,39,batch2_strided,0.081379,ok,compiled_cache,0,False,5.960464477539063e-08
default-r3,serving,39,batch3_strided_late,0.069519,ok,compiled_cache,0,False,5.960464477539063e-08
default-r3,serving,40,batch0_contiguous,0.046379,ok,compiled_cache,0,False,0.0
default-r3,serving,40,batch1_contiguous,0.060089,ok,compiled_cache,0,False,1.4901161193847656e-08
default-r3,serving,40,batch2_contiguous,0.076669,ok,compiled_cache,0,False,5.960464477539063e-08
default-r3,serving,40,batch4_contiguous,0.063759,ok,compiled_cache,0,False,5.960464477539063e-08
default-r3,serving,40,batch2_strided,0.069159,ok,compiled_cache,0,False,5.960464477539063e-08
default-r3,serving,40,batch3_strided_late,0.065109,ok,compiled_cache,0,False,5.960464477539063e-08
default-r3,serving,41,batch0_contiguous,0.052039,ok,compiled_cache,0,False,0.0
default-r3,serving,41,batch1_contiguous,0.072409,ok,compiled_cache,0,False,1.4901161193847656e-08
default-r3,serving,41,batch2_contiguous,0.062169,ok,compiled_cache,0,False,5.960464477539063e-08
default-r3,serving,41,batch4_contiguous,0.063619,ok,compiled_cache,0,False,5.960464477539063e-08
default-r3,serving,41,batch2_strided,0.06806,ok,compiled_cache,0,False,5.960464477539063e-08
default-r3,serving,41,batch3_strided_late,0.073778,ok,compiled_cache,0,False,5.960464477539063e-08
default-r3,serving,42,batch0_contiguous,0.0468,ok,compiled_cache,0,False,0.0
default-r3,serving,42,batch1_contiguous,0.058639,ok,compiled_cache,0,False,1.4901161193847656e-08
default-r3,serving,42,batch2_contiguous,0.067119,ok,compiled_cache,0,False,5.960464477539063e-08
default-r3,serving,42,batch4_contiguous,0.091698,ok,compiled_cache,0,False,5.960464477539063e-08
default-r3,serving,42,batch2_strided,0.067499,ok,compiled_cache,0,False,5.960464477539063e-08
default-r3,serving,42,batch3_strided_late,0.066999,ok,compiled_cache,0,False,5.960464477539063e-08
default-r3,serving,43,batch0_contiguous,0.057109,ok,compiled_cache,0,False,0.0
default-r3,serving,43,batch1_contiguous,0.061679,ok,compiled_cache,0,False,1.4901161193847656e-08
default-r3,serving,43,batch2_contiguous,0.066269,ok,compiled_cache,0,False,5.960464477539063e-08
default-r3,serving,43,batch4_contiguous,0.060939,ok,compiled_cache,0,False,5.960464477539063e-08
default-r3,serving,43,batch2_strided,0.080719,ok,compiled_cache,0,False,5.960464477539063e-08
default-r3,serving,43,batch3_strided_late,0.067139,ok,compiled_cache,0,False,5.960464477539063e-08
default-r3,serving,44,batch0_contiguous,0.049589,ok,compiled_cache,0,False,0.0
default-r3,serving,44,batch1_contiguous,0.060059,ok,compiled_cache,0,False,1.4901161193847656e-08
default-r3,serving,44,batch2_contiguous,0.073749,ok,compiled_cache,0,False,5.960464477539063e-08
default-r3,serving,44,batch4_contiguous,0.062939,ok,compiled_cache,0,False,5.960464477539063e-08
default-r3,serving,44,batch2_strided,0.06381,ok,compiled_cache,0,False,5.960464477539063e-08
default-r3,serving,44,batch3_strided_late,0.07369,ok,compiled_cache,0,False,5.960464477539063e-08
default-r3,serving,45,batch0_contiguous,0.05398,ok,compiled_cache,0,False,0.0
default-r3,serving,45,batch1_contiguous,0.06089,ok,compiled_cache,0,False,1.4901161193847656e-08
default-r3,serving,45,batch2_contiguous,0.062379,ok,compiled_cache,0,False,5.960464477539063e-08
default-r3,serving,45,batch4_contiguous,0.06945,ok,compiled_cache,0,False,5.960464477539063e-08
default-r3,serving,45,batch2_strided,0.067769,ok,compiled_cache,0,False,5.960464477539063e-08
default-r3,serving,45,batch3_strided_late,0.06559,ok,compiled_cache,0,False,5.960464477539063e-08
default-r3,serving,46,batch0_contiguous,0.045699,ok,compiled_cache,0,False,0.0
default-r3,serving,46,batch1_contiguous,0.061999,ok,compiled_cache,0,False,1.4901161193847656e-08
default-r3,serving,46,batch2_contiguous,0.068229,ok,compiled_cache,0,False,5.960464477539063e-08
default-r3,serving,46,batch4_contiguous,0.061739,ok,compiled_cache,0,False,5.960464477539063e-08
default-r3,serving,46,batch2_strided,0.065179,ok,compiled_cache,0,False,5.960464477539063e-08
default-r3,serving,46,batch3_strided_late,0.067759,ok,compiled_cache,0,False,5.960464477539063e-08
default-r3,serving,47,batch0_contiguous,0.046359,ok,compiled_cache,0,False,0.0
default-r3,serving,47,batch1_contiguous,0.065609,ok,compiled_cache,0,False,1.4901161193847656e-08
default-r3,serving,47,batch2_contiguous,0.060899,ok,compiled_cache,0,False,5.960464477539063e-08
default-r3,serving,47,batch4_contiguous,0.064229,ok,compiled_cache,0,False,5.960464477539063e-08
default-r3,serving,47,batch2_strided,0.066969,ok,compiled_cache,0,False,5.960464477539063e-08
default-r3,serving,47,batch3_strided_late,0.064699,ok,compiled_cache,0,False,5.960464477539063e-08
default-r3,serving,48,batch0_contiguous,0.057099,ok,compiled_cache,0,False,0.0
default-r3,serving,48,batch1_contiguous,0.060859,ok,compiled_cache,0,False,1.4901161193847656e-08
default-r3,serving,48,batch2_contiguous,0.06361,ok,compiled_cache,0,False,5.960464477539063e-08
default-r3,serving,48,batch4_contiguous,0.064989,ok,compiled_cache,0,False,5.960464477539063e-08
default-r3,serving,48,batch2_strided,0.080679,ok,compiled_cache,0,False,5.960464477539063e-08
default-r3,serving,48,batch3_strided_late,0.067669,ok,compiled_cache,0,False,5.960464477539063e-08
default-r3,serving,49,batch0_contiguous,0.04527,ok,compiled_cache,0,False,0.0
default-r3,serving,49,batch1_contiguous,0.061188,ok,compiled_cache,0,False,1.4901161193847656e-08
default-r3,serving,49,batch2_contiguous,0.075859,ok,compiled_cache,0,False,5.960464477539063e-08
default-r3,serving,49,batch4_contiguous,0.064779,ok,compiled_cache,0,False,5.960464477539063e-08
default-r3,serving,49,batch2_strided,0.070379,ok,compiled_cache,0,False,5.960464477539063e-08
default-r3,serving,49,batch3_strided_late,0.068669,ok,compiled_cache,0,False,5.960464477539063e-08
hybrid-r1,warmup,,batch0_contiguous,814.253452,ok,compiled_new_variant,1,False,0.0
hybrid-r1,warmup,,batch1_contiguous,341.514901,ok,compiled_new_variant,1,False,1.4901161193847656e-08
hybrid-r1,warmup,,batch2_contiguous,142.312435,ok,compiled_new_variant,1,False,5.960464477539063e-08
hybrid-r1,warmup,,batch4_contiguous,88.392753,ok,compiled_new_variant,1,False,5.960464477539063e-08
hybrid-r1,warmup,,batch2_strided,140.012675,ok,compiled_new_variant,1,False,5.960464477539063e-08
hybrid-r1,serving,0,batch0_contiguous,0.153358,ok,compiled_cache,0,False,0.0
hybrid-r1,serving,0,batch1_contiguous,0.138619,ok,compiled_cache,0,False,1.4901161193847656e-08
hybrid-r1,serving,0,batch2_contiguous,0.110748,ok,compiled_cache,0,False,5.960464477539063e-08
hybrid-r1,serving,0,batch4_contiguous,0.09557,ok,compiled_cache,0,False,5.960464477539063e-08
hybrid-r1,serving,0,batch2_strided,0.088219,ok,compiled_cache,0,False,5.960464477539063e-08
hybrid-r1,serving,0,batch3_strided_late,0.113139,ok,eager_fallback,0,True,0.0
hybrid-r1,serving,1,batch0_contiguous,0.062109,ok,compiled_cache,0,False,0.0
hybrid-r1,serving,1,batch1_contiguous,0.076899,ok,compiled_cache,0,False,1.4901161193847656e-08
hybrid-r1,serving,1,batch2_contiguous,0.074259,ok,compiled_cache,0,False,5.960464477539063e-08
hybrid-r1,serving,1,batch4_contiguous,0.070048,ok,compiled_cache,0,False,5.960464477539063e-08
hybrid-r1,serving,1,batch2_strided,0.072359,ok,compiled_cache,0,False,5.960464477539063e-08
hybrid-r1,serving,1,batch3_strided_late,0.0579,ok,eager_fallback,0,True,0.0
hybrid-r1,serving,2,batch0_contiguous,0.052229,ok,compiled_cache,0,False,0.0
hybrid-r1,serving,2,batch1_contiguous,0.066729,ok,compiled_cache,0,False,1.4901161193847656e-08
hybrid-r1,serving,2,batch2_contiguous,0.067128,ok,compiled_cache,0,False,5.960464477539063e-08
hybrid-r1,serving,2,batch4_contiguous,0.08059,ok,compiled_cache,0,False,5.960464477539063e-08
hybrid-r1,serving,2,batch2_strided,0.073099,ok,compiled_cache,0,False,5.960464477539063e-08
hybrid-r1,serving,2,batch3_strided_late,0.05246,ok,eager_fallback,0,True,0.0
hybrid-r1,serving,3,batch0_contiguous,0.0501,ok,compiled_cache,0,False,0.0
hybrid-r1,serving,3,batch1_contiguous,0.081719,ok,compiled_cache,0,False,1.4901161193847656e-08
hybrid-r1,serving,3,batch2_contiguous,0.070718,ok,compiled_cache,0,False,5.960464477539063e-08
hybrid-r1,serving,3,batch4_contiguous,0.067979,ok,compiled_cache,0,False,5.960464477539063e-08
hybrid-r1,serving,3,batch2_strided,0.070129,ok,compiled_cache,0,False,5.960464477539063e-08
hybrid-r1,serving,3,batch3_strided_late,0.053879,ok,eager_fallback,0,True,0.0
hybrid-r1,serving,4,batch0_contiguous,0.050569,ok,compiled_cache,0,False,0.0
hybrid-r1,serving,4,batch1_contiguous,0.065929,ok,compiled_cache,0,False,1.4901161193847656e-08
hybrid-r1,serving,4,batch2_contiguous,0.063949,ok,compiled_cache,0,False,5.960464477539063e-08
hybrid-r1,serving,4,batch4_contiguous,0.06631,ok,compiled_cache,0,False,5.960464477539063e-08
hybrid-r1,serving,4,batch2_strided,0.07135,ok,compiled_cache,0,False,5.960464477539063e-08
hybrid-r1,serving,4,batch3_strided_late,0.052709,ok,eager_fallback,0,True,0.0
hybrid-r1,serving,5,batch0_contiguous,0.048169,ok,compiled_cache,0,False,0.0
hybrid-r1,serving,5,batch1_contiguous,0.064099,ok,compiled_cache,0,False,1.4901161193847656e-08
hybrid-r1,serving,5,batch2_contiguous,0.065379,ok,compiled_cache,0,False,5.960464477539063e-08
hybrid-r1,serving,5,batch4_contiguous,0.064528,ok,compiled_cache,0,False,5.960464477539063e-08
hybrid-r1,serving,5,batch2_strided,0.066999,ok,compiled_cache,0,False,5.960464477539063e-08
hybrid-r1,serving,5,batch3_strided_late,0.053009,ok,eager_fallback,0,True,0.0
hybrid-r1,serving,6,batch0_contiguous,0.048219,ok,compiled_cache,0,False,0.0
hybrid-r1,serving,6,batch1_contiguous,0.061559,ok,compiled_cache,0,False,1.4901161193847656e-08
hybrid-r1,serving,6,batch2_contiguous,0.063699,ok,compiled_cache,0,False,5.960464477539063e-08
hybrid-r1,serving,6,batch4_contiguous,0.065889,ok,compiled_cache,0,False,5.960464477539063e-08
hybrid-r1,serving,6,batch2_strided,0.067559,ok,compiled_cache,0,False,5.960464477539063e-08
hybrid-r1,serving,6,batch3_strided_late,0.050359,ok,eager_fallback,0,True,0.0
hybrid-r1,serving,7,batch0_contiguous,0.046069,ok,compiled_cache,0,False,0.0
hybrid-r1,serving,7,batch1_contiguous,0.063979,ok,compiled_cache,0,False,1.4901161193847656e-08
hybrid-r1,serving,7,batch2_contiguous,0.064649,ok,compiled_cache,0,False,5.960464477539063e-08
hybrid-r1,serving,7,batch4_contiguous,0.062389,ok,compiled_cache,0,False,5.960464477539063e-08
hybrid-r1,serving,7,batch2_strided,0.064429,ok,compiled_cache,0,False,5.960464477539063e-08
hybrid-r1,serving,7,batch3_strided_late,0.060768,ok,eager_fallback,0,True,0.0
hybrid-r1,serving,8,batch0_contiguous,0.048449,ok,compiled_cache,0,False,0.0
hybrid-r1,serving,8,batch1_contiguous,0.062239,ok,compiled_cache,0,False,1.4901161193847656e-08
hybrid-r1,serving,8,batch2_contiguous,0.061889,ok,compiled_cache,0,False,5.960464477539063e-08
hybrid-r1,serving,8,batch4_contiguous,0.064459,ok,compiled_cache,0,False,5.960464477539063e-08
hybrid-r1,serving,8,batch2_strided,0.069539,ok,compiled_cache,0,False,5.960464477539063e-08
hybrid-r1,serving,8,batch3_strided_late,0.05178,ok,eager_fallback,0,True,0.0
hybrid-r1,serving,9,batch0_contiguous,0.04734,ok,compiled_cache,0,False,0.0
hybrid-r1,serving,9,batch1_contiguous,0.06107,ok,compiled_cache,0,False,1.4901161193847656e-08
hybrid-r1,serving,9,batch2_contiguous,0.065529,ok,compiled_cache,0,False,5.960464477539063e-08
hybrid-r1,serving,9,batch4_contiguous,0.062219,ok,compiled_cache,0,False,5.960464477539063e-08
hybrid-r1,serving,9,batch2_strided,0.06476,ok,compiled_cache,0,False,5.960464477539063e-08
hybrid-r1,serving,9,batch3_strided_late,0.060669,ok,eager_fallback,0,True,0.0
hybrid-r1,serving,10,batch0_contiguous,0.048659,ok,compiled_cache,0,False,0.0
hybrid-r1,serving,10,batch1_contiguous,0.061288,ok,compiled_cache,0,False,1.4901161193847656e-08
hybrid-r1,serving,10,batch2_contiguous,0.064379,ok,compiled_cache,0,False,5.960464477539063e-08
hybrid-r1,serving,10,batch4_contiguous,0.065589,ok,compiled_cache,0,False,5.960464477539063e-08
hybrid-r1,serving,10,batch2_strided,0.068289,ok,compiled_cache,0,False,5.960464477539063e-08
hybrid-r1,serving,10,batch3_strided_late,0.05106,ok,eager_fallback,0,True,0.0
hybrid-r1,serving,11,batch0_contiguous,0.04606,ok,compiled_cache,0,False,0.0
hybrid-r1,serving,11,batch1_contiguous,0.121088,ok,compiled_cache,0,False,1.4901161193847656e-08
hybrid-r1,serving,11,batch2_contiguous,0.074669,ok,compiled_cache,0,False,5.960464477539063e-08
hybrid-r1,serving,11,batch4_contiguous,0.063509,ok,compiled_cache,0,False,5.960464477539063e-08
hybrid-r1,serving,11,batch2_strided,0.079859,ok,compiled_cache,0,False,5.960464477539063e-08
hybrid-r1,serving,11,batch3_strided_late,0.05554,ok,eager_fallback,0,True,0.0
hybrid-r1,serving,12,batch0_contiguous,0.04716,ok,compiled_cache,0,False,0.0
hybrid-r1,serving,12,batch1_contiguous,0.06099,ok,compiled_cache,0,False,1.4901161193847656e-08
hybrid-r1,serving,12,batch2_contiguous,0.072878,ok,compiled_cache,0,False,5.960464477539063e-08
hybrid-r1,serving,12,batch4_contiguous,0.065269,ok,compiled_cache,0,False,5.960464477539063e-08
hybrid-r1,serving,12,batch2_strided,0.066789,ok,compiled_cache,0,False,5.960464477539063e-08
hybrid-r1,serving,12,batch3_strided_late,0.051849,ok,eager_fallback,0,True,0.0
hybrid-r1,serving,13,batch0_contiguous,0.048319,ok,compiled_cache,0,False,0.0
hybrid-r1,serving,13,batch1_contiguous,0.070059,ok,compiled_cache,0,False,1.4901161193847656e-08
hybrid-r1,serving,13,batch2_contiguous,0.06456,ok,compiled_cache,0,False,5.960464477539063e-08
hybrid-r1,serving,13,batch4_contiguous,0.05955,ok,compiled_cache,0,False,5.960464477539063e-08
hybrid-r1,serving,13,batch2_strided,0.078039,ok,compiled_cache,0,False,5.960464477539063e-08
hybrid-r1,serving,13,batch3_strided_late,0.05534,ok,eager_fallback,0,True,0.0
hybrid-r1,serving,14,batch0_contiguous,0.04731,ok,compiled_cache,0,False,0.0
hybrid-r1,serving,14,batch1_contiguous,0.060379,ok,compiled_cache,0,False,1.4901161193847656e-08
hybrid-r1,serving,14,batch2_contiguous,0.07111,ok,compiled_cache,0,False,5.960464477539063e-08
hybrid-r1,serving,14,batch4_contiguous,0.07421,ok,compiled_cache,0,False,5.960464477539063e-08
hybrid-r1,serving,14,batch2_strided,0.06559,ok,compiled_cache,0,False,5.960464477539063e-08
hybrid-r1,serving,14,batch3_strided_late,0.049609,ok,eager_fallback,0,True,0.0
hybrid-r1,serving,15,batch0_contiguous,0.048459,ok,compiled_cache,0,False,0.0
hybrid-r1,serving,15,batch1_contiguous,0.069059,ok,compiled_cache,0,False,1.4901161193847656e-08
hybrid-r1,serving,15,batch2_contiguous,0.062791,ok,compiled_cache,0,False,5.960464477539063e-08
hybrid-r1,serving,15,batch4_contiguous,0.06083,ok,compiled_cache,0,False,5.960464477539063e-08
hybrid-r1,serving,15,batch2_strided,0.067099,ok,compiled_cache,0,False,5.960464477539063e-08
hybrid-r1,serving,15,batch3_strided_late,0.05197,ok,eager_fallback,0,True,0.0
hybrid-r1,serving,16,batch0_contiguous,0.04649,ok,compiled_cache,0,False,0.0
hybrid-r1,serving,16,batch1_contiguous,0.059259,ok,compiled_cache,0,False,1.4901161193847656e-08
hybrid-r1,serving,16,batch2_contiguous,0.06128,ok,compiled_cache,0,False,5.960464477539063e-08
hybrid-r1,serving,16,batch4_contiguous,0.071859,ok,compiled_cache,0,False,5.960464477539063e-08
hybrid-r1,serving,16,batch2_strided,0.06898,ok,compiled_cache,0,False,5.960464477539063e-08
hybrid-r1,serving,16,batch3_strided_late,0.051139,ok,eager_fallback,0,True,0.0
hybrid-r1,serving,17,batch0_contiguous,0.048229,ok,compiled_cache,0,False,0.0
hybrid-r1,serving,17,batch1_contiguous,0.068469,ok,compiled_cache,0,False,1.4901161193847656e-08
hybrid-r1,serving,17,batch2_contiguous,0.063119,ok,compiled_cache,0,False,5.960464477539063e-08
hybrid-r1,serving,17,batch4_contiguous,0.06028,ok,compiled_cache,0,False,5.960464477539063e-08
hybrid-r1,serving,17,batch2_strided,0.07643,ok,compiled_cache,0,False,5.960464477539063e-08
hybrid-r1,serving,17,batch3_strided_late,0.05265,ok,eager_fallback,0,True,0.0
hybrid-r1,serving,18,batch0_contiguous,0.04662,ok,compiled_cache,0,False,0.0
hybrid-r1,serving,18,batch1_contiguous,0.059769,ok,compiled_cache,0,False,1.4901161193847656e-08
hybrid-r1,serving,18,batch2_contiguous,0.06183,ok,compiled_cache,0,False,5.960464477539063e-08
hybrid-r1,serving,18,batch4_contiguous,0.074349,ok,compiled_cache,0,False,5.960464477539063e-08
hybrid-r1,serving,18,batch2_strided,0.068279,ok,compiled_cache,0,False,5.960464477539063e-08
hybrid-r1,serving,18,batch3_strided_late,0.05011,ok,eager_fallback,0,True,0.0
hybrid-r1,serving,19,batch0_contiguous,0.047239,ok,compiled_cache,0,False,0.0
hybrid-r1,serving,19,batch1_contiguous,0.069649,ok,compiled_cache,0,False,1.4901161193847656e-08
hybrid-r1,serving,19,batch2_contiguous,0.069529,ok,compiled_cache,0,False,5.960464477539063e-08
hybrid-r1,serving,19,batch4_contiguous,0.063469,ok,compiled_cache,0,False,5.960464477539063e-08
hybrid-r1,serving,19,batch2_strided,0.069999,ok,compiled_cache,0,False,5.960464477539063e-08
hybrid-r1,serving,19,batch3_strided_late,0.054128,ok,eager_fallback,0,True,0.0
hybrid-r1,serving,20,batch0_contiguous,0.048079,ok,compiled_cache,0,False,0.0
hybrid-r1,serving,20,batch1_contiguous,0.061249,ok,compiled_cache,0,False,1.4901161193847656e-08
hybrid-r1,serving,20,batch2_contiguous,0.071949,ok,compiled_cache,0,False,5.960464477539063e-08
hybrid-r1,serving,20,batch4_contiguous,0.063399,ok,compiled_cache,0,False,5.960464477539063e-08
hybrid-r1,serving,20,batch2_strided,0.064159,ok,compiled_cache,0,False,5.960464477539063e-08
hybrid-r1,serving,20,batch3_strided_late,0.05002,ok,eager_fallback,0,True,0.0
hybrid-r1,serving,21,batch0_contiguous,0.048,ok,compiled_cache,0,False,0.0
hybrid-r1,serving,21,batch1_contiguous,0.07048,ok,compiled_cache,0,False,1.4901161193847656e-08
hybrid-r1,serving,21,batch2_contiguous,0.068719,ok,compiled_cache,0,False,5.960464477539063e-08
hybrid-r1,serving,21,batch4_contiguous,0.092948,ok,compiled_cache,0,False,5.960464477539063e-08
hybrid-r1,serving,21,batch2_strided,0.073609,ok,compiled_cache,0,False,5.960464477539063e-08
hybrid-r1,serving,21,batch3_strided_late,0.05381,ok,eager_fallback,0,True,0.0
hybrid-r1,serving,22,batch0_contiguous,0.054099,ok,compiled_cache,0,False,0.0
hybrid-r1,serving,22,batch1_contiguous,0.063538,ok,compiled_cache,0,False,1.4901161193847656e-08
hybrid-r1,serving,22,batch2_contiguous,0.06753,ok,compiled_cache,0,False,5.960464477539063e-08
hybrid-r1,serving,22,batch4_contiguous,0.063199,ok,compiled_cache,0,False,5.960464477539063e-08
hybrid-r1,serving,22,batch2_strided,0.063509,ok,compiled_cache,0,False,5.960464477539063e-08
hybrid-r1,serving,22,batch3_strided_late,0.05175,ok,eager_fallback,0,True,0.0
hybrid-r1,serving,23,batch0_contiguous,0.049989,ok,compiled_cache,0,False,0.0
hybrid-r1,serving,23,batch1_contiguous,0.064231,ok,compiled_cache,0,False,1.4901161193847656e-08
hybrid-r1,serving,23,batch2_contiguous,0.061579,ok,compiled_cache,0,False,5.960464477539063e-08
hybrid-r1,serving,23,batch4_contiguous,0.065139,ok,compiled_cache,0,False,5.960464477539063e-08
hybrid-r1,serving,23,batch2_strided,0.069399,ok,compiled_cache,0,False,5.960464477539063e-08
hybrid-r1,serving,23,batch3_strided_late,0.051979,ok,eager_fallback,0,True,0.0
hybrid-r1,serving,24,batch0_contiguous,0.047191,ok,compiled_cache,0,False,0.0
hybrid-r1,serving,24,batch1_contiguous,0.060739,ok,compiled_cache,0,False,1.4901161193847656e-08
hybrid-r1,serving,24,batch2_contiguous,0.068159,ok,compiled_cache,0,False,5.960464477539063e-08
hybrid-r1,serving,24,batch4_contiguous,0.064809,ok,compiled_cache,0,False,5.960464477539063e-08
hybrid-r1,serving,24,batch2_strided,0.06583,ok,compiled_cache,0,False,5.960464477539063e-08
hybrid-r1,serving,24,batch3_strided_late,0.049789,ok,eager_fallback,0,True,0.0
hybrid-r1,serving,25,batch0_contiguous,0.052159,ok,compiled_cache,0,False,0.0
hybrid-r1,serving,25,batch1_contiguous,0.066208,ok,compiled_cache,0,False,1.4901161193847656e-08
hybrid-r1,serving,25,batch2_contiguous,0.06366,ok,compiled_cache,0,False,5.960464477539063e-08
hybrid-r1,serving,25,batch4_contiguous,0.061459,ok,compiled_cache,0,False,5.960464477539063e-08
hybrid-r1,serving,25,batch2_strided,0.068219,ok,compiled_cache,0,False,5.960464477539063e-08
hybrid-r1,serving,25,batch3_strided_late,0.05309,ok,eager_fallback,0,True,0.0
hybrid-r1,serving,26,batch0_contiguous,0.04973,ok,compiled_cache,0,False,0.0
hybrid-r1,serving,26,batch1_contiguous,0.0607,ok,compiled_cache,0,False,1.4901161193847656e-08
hybrid-r1,serving,26,batch2_contiguous,0.067199,ok,compiled_cache,0,False,5.960464477539063e-08
hybrid-r1,serving,26,batch4_contiguous,0.064599,ok,compiled_cache,0,False,5.960464477539063e-08
hybrid-r1,serving,26,batch2_strided,0.069659,ok,compiled_cache,0,False,5.960464477539063e-08
hybrid-r1,serving,26,batch3_strided_late,0.048979,ok,eager_fallback,0,True,0.0
hybrid-r1,serving,27,batch0_contiguous,0.047579,ok,compiled_cache,0,False,0.0
hybrid-r1,serving,27,batch1_contiguous,0.060959,ok,compiled_cache,0,False,1.4901161193847656e-08
hybrid-r1,serving,27,batch2_contiguous,0.067009,ok,compiled_cache,0,False,5.960464477539063e-08
hybrid-r1,serving,27,batch4_contiguous,0.06371,ok,compiled_cache,0,False,5.960464477539063e-08
hybrid-r1,serving,27,batch2_strided,0.068639,ok,compiled_cache,0,False,5.960464477539063e-08
hybrid-r1,serving,27,batch3_strided_late,0.050969,ok,eager_fallback,0,True,0.0
hybrid-r1,serving,28,batch0_contiguous,0.045629,ok,compiled_cache,0,False,0.0
hybrid-r1,serving,28,batch1_contiguous,0.064949,ok,compiled_cache,0,False,1.4901161193847656e-08
hybrid-r1,serving,28,batch2_contiguous,0.064779,ok,compiled_cache,0,False,5.960464477539063e-08
hybrid-r1,serving,28,batch4_contiguous,0.0641,ok,compiled_cache,0,False,5.960464477539063e-08
hybrid-r1,serving,28,batch2_strided,0.06471,ok,compiled_cache,0,False,5.960464477539063e-08
hybrid-r1,serving,28,batch3_strided_late,0.051059,ok,eager_fallback,0,True,0.0
hybrid-r1,serving,29,batch0_contiguous,0.052079,ok,compiled_cache,0,False,0.0
hybrid-r1,serving,29,batch1_contiguous,0.063509,ok,compiled_cache,0,False,1.4901161193847656e-08
hybrid-r1,serving,29,batch2_contiguous,0.06223,ok,compiled_cache,0,False,5.960464477539063e-08
hybrid-r1,serving,29,batch4_contiguous,0.060199,ok,compiled_cache,0,False,5.960464477539063e-08
hybrid-r1,serving,29,batch2_strided,0.07105,ok,compiled_cache,0,False,5.960464477539063e-08
hybrid-r1,serving,29,batch3_strided_late,0.05203,ok,eager_fallback,0,True,0.0
hybrid-r1,serving,30,batch0_contiguous,0.047959,ok,compiled_cache,0,False,0.0
hybrid-r1,serving,30,batch1_contiguous,0.060379,ok,compiled_cache,0,False,1.4901161193847656e-08
hybrid-r1,serving,30,batch2_contiguous,0.06909,ok,compiled_cache,0,False,5.960464477539063e-08
hybrid-r1,serving,30,batch4_contiguous,0.065789,ok,compiled_cache,0,False,5.960464477539063e-08
hybrid-r1,serving,30,batch2_strided,0.06564,ok,compiled_cache,0,False,5.960464477539063e-08
hybrid-r1,serving,30,batch3_strided_late,0.048859,ok,eager_fallback,0,True,0.0
hybrid-r1,serving,31,batch0_contiguous,0.04757,ok,compiled_cache,0,False,0.0
hybrid-r1,serving,31,batch1_contiguous,0.065779,ok,compiled_cache,0,False,1.4901161193847656e-08
hybrid-r1,serving,31,batch2_contiguous,0.061439,ok,compiled_cache,0,False,5.960464477539063e-08
hybrid-r1,serving,31,batch4_contiguous,0.058709,ok,compiled_cache,0,False,5.960464477539063e-08
hybrid-r1,serving,31,batch2_strided,0.070479,ok,compiled_cache,0,False,5.960464477539063e-08
hybrid-r1,serving,31,batch3_strided_late,0.053239,ok,eager_fallback,0,True,0.0
hybrid-r1,serving,32,batch0_contiguous,0.072358,ok,compiled_cache,0,False,0.0
hybrid-r1,serving,32,batch1_contiguous,0.06145,ok,compiled_cache,0,False,1.4901161193847656e-08
hybrid-r1,serving,32,batch2_contiguous,0.064359,ok,compiled_cache,0,False,5.960464477539063e-08
hybrid-r1,serving,32,batch4_contiguous,0.062579,ok,compiled_cache,0,False,5.960464477539063e-08
hybrid-r1,serving,32,batch2_strided,0.069239,ok,compiled_cache,0,False,5.960464477539063e-08
hybrid-r1,serving,32,batch3_strided_late,0.049839,ok,eager_fallback,0,True,0.0
hybrid-r1,serving,33,batch0_contiguous,0.04697,ok,compiled_cache,0,False,0.0
hybrid-r1,serving,33,batch1_contiguous,0.061439,ok,compiled_cache,0,False,1.4901161193847656e-08
hybrid-r1,serving,33,batch2_contiguous,0.06114,ok,compiled_cache,0,False,5.960464477539063e-08
hybrid-r1,serving,33,batch4_contiguous,0.064369,ok,compiled_cache,0,False,5.960464477539063e-08
hybrid-r1,serving,33,batch2_strided,0.067199,ok,compiled_cache,0,False,5.960464477539063e-08
hybrid-r1,serving,33,batch3_strided_late,0.052009,ok,eager_fallback,0,True,0.0
hybrid-r1,serving,34,batch0_contiguous,0.04586,ok,compiled_cache,0,False,0.0
hybrid-r1,serving,34,batch1_contiguous,0.06562,ok,compiled_cache,0,False,1.4901161193847656e-08
hybrid-r1,serving,34,batch2_contiguous,0.064899,ok,compiled_cache,0,False,5.960464477539063e-08
hybrid-r1,serving,34,batch4_contiguous,0.062489,ok,compiled_cache,0,False,5.960464477539063e-08
hybrid-r1,serving,34,batch2_strided,0.065579,ok,compiled_cache,0,False,5.960464477539063e-08
hybrid-r1,serving,34,batch3_strided_late,0.050669,ok,eager_fallback,0,True,0.0
hybrid-r1,serving,35,batch0_contiguous,0.051348,ok,compiled_cache,0,False,0.0
hybrid-r1,serving,35,batch1_contiguous,0.064468,ok,compiled_cache,0,False,1.4901161193847656e-08
hybrid-r1,serving,35,batch2_contiguous,0.062689,ok,compiled_cache,0,False,5.960464477539063e-08
hybrid-r1,serving,35,batch4_contiguous,0.060569,ok,compiled_cache,0,False,5.960464477539063e-08
hybrid-r1,serving,35,batch2_strided,0.071779,ok,compiled_cache,0,False,5.960464477539063e-08
hybrid-r1,serving,35,batch3_strided_late,0.052849,ok,eager_fallback,0,True,0.0
hybrid-r1,serving,36,batch0_contiguous,0.044979,ok,compiled_cache,0,False,0.0
hybrid-r1,serving,36,batch1_contiguous,0.05854,ok,compiled_cache,0,False,1.4901161193847656e-08
hybrid-r1,serving,36,batch2_contiguous,0.06237,ok,compiled_cache,0,False,5.960464477539063e-08
hybrid-r1,serving,36,batch4_contiguous,0.067139,ok,compiled_cache,0,False,5.960464477539063e-08
hybrid-r1,serving,36,batch2_strided,0.066569,ok,compiled_cache,0,False,5.960464477539063e-08
hybrid-r1,serving,36,batch3_strided_late,0.048479,ok,eager_fallback,0,True,0.0
hybrid-r1,serving,37,batch0_contiguous,0.049829,ok,compiled_cache,0,False,0.0
hybrid-r1,serving,37,batch1_contiguous,0.065499,ok,compiled_cache,0,False,1.4901161193847656e-08
hybrid-r1,serving,37,batch2_contiguous,0.06252,ok,compiled_cache,0,False,5.960464477539063e-08
hybrid-r1,serving,37,batch4_contiguous,0.059979,ok,compiled_cache,0,False,5.960464477539063e-08
hybrid-r1,serving,37,batch2_strided,0.065589,ok,compiled_cache,0,False,5.960464477539063e-08
hybrid-r1,serving,37,batch3_strided_late,0.05179,ok,eager_fallback,0,True,0.0
hybrid-r1,serving,38,batch0_contiguous,0.0501,ok,compiled_cache,0,False,0.0
hybrid-r1,serving,38,batch1_contiguous,0.06036,ok,compiled_cache,0,False,1.4901161193847656e-08
hybrid-r1,serving,38,batch2_contiguous,0.065809,ok,compiled_cache,0,False,5.960464477539063e-08
hybrid-r1,serving,38,batch4_contiguous,0.062848,ok,compiled_cache,0,False,5.960464477539063e-08
hybrid-r1,serving,38,batch2_strided,0.069599,ok,compiled_cache,0,False,5.960464477539063e-08
hybrid-r1,serving,38,batch3_strided_late,0.050789,ok,eager_fallback,0,True,0.0
hybrid-r1,serving,39,batch0_contiguous,0.047309,ok,compiled_cache,0,False,0.0
hybrid-r1,serving,39,batch1_contiguous,0.062299,ok,compiled_cache,0,False,1.4901161193847656e-08
hybrid-r1,serving,39,batch2_contiguous,0.06178,ok,compiled_cache,0,False,5.960464477539063e-08
hybrid-r1,serving,39,batch4_contiguous,0.061539,ok,compiled_cache,0,False,5.960464477539063e-08
hybrid-r1,serving,39,batch2_strided,0.069079,ok,compiled_cache,0,False,5.960464477539063e-08
hybrid-r1,serving,39,batch3_strided_late,0.053099,ok,eager_fallback,0,True,0.0
hybrid-r1,serving,40,batch0_contiguous,0.046579,ok,compiled_cache,0,False,0.0
hybrid-r1,serving,40,batch1_contiguous,0.060019,ok,compiled_cache,0,False,1.4901161193847656e-08
hybrid-r1,serving,40,batch2_contiguous,0.068539,ok,compiled_cache,0,False,5.960464477539063e-08
hybrid-r1,serving,40,batch4_contiguous,0.067969,ok,compiled_cache,0,False,5.960464477539063e-08
hybrid-r1,serving,40,batch2_strided,0.066139,ok,compiled_cache,0,False,5.960464477539063e-08
hybrid-r1,serving,40,batch3_strided_late,0.051779,ok,eager_fallback,0,True,0.0
hybrid-r1,serving,41,batch0_contiguous,0.050919,ok,compiled_cache,0,False,0.0
hybrid-r1,serving,41,batch1_contiguous,0.062599,ok,compiled_cache,0,False,1.4901161193847656e-08
hybrid-r1,serving,41,batch2_contiguous,0.061429,ok,compiled_cache,0,False,5.960464477539063e-08
hybrid-r1,serving,41,batch4_contiguous,0.059329,ok,compiled_cache,0,False,5.960464477539063e-08
hybrid-r1,serving,41,batch2_strided,0.068279,ok,compiled_cache,0,False,5.960464477539063e-08
hybrid-r1,serving,41,batch3_strided_late,0.054859,ok,eager_fallback,0,True,0.0
hybrid-r1,serving,42,batch0_contiguous,0.04615,ok,compiled_cache,0,False,0.0
hybrid-r1,serving,42,batch1_contiguous,0.05899,ok,compiled_cache,0,False,1.4901161193847656e-08
hybrid-r1,serving,42,batch2_contiguous,0.087039,ok,compiled_cache,0,False,5.960464477539063e-08
hybrid-r1,serving,42,batch4_contiguous,0.071919,ok,compiled_cache,0,False,5.960464477539063e-08
hybrid-r1,serving,42,batch2_strided,0.065559,ok,compiled_cache,0,False,5.960464477539063e-08
hybrid-r1,serving,42,batch3_strided_late,0.048828,ok,eager_fallback,0,True,0.0
hybrid-r1,serving,43,batch0_contiguous,0.047539,ok,compiled_cache,0,False,0.0
hybrid-r1,serving,43,batch1_contiguous,0.061129,ok,compiled_cache,0,False,1.4901161193847656e-08
hybrid-r1,serving,43,batch2_contiguous,0.066419,ok,compiled_cache,0,False,5.960464477539063e-08
hybrid-r1,serving,43,batch4_contiguous,0.061029,ok,compiled_cache,0,False,5.960464477539063e-08
hybrid-r1,serving,43,batch2_strided,0.067259,ok,compiled_cache,0,False,5.960464477539063e-08
hybrid-r1,serving,43,batch3_strided_late,0.05376,ok,eager_fallback,0,True,0.0
hybrid-r1,serving,44,batch0_contiguous,0.04886,ok,compiled_cache,0,False,0.0
hybrid-r1,serving,44,batch1_contiguous,0.060468,ok,compiled_cache,0,False,1.4901161193847656e-08
hybrid-r1,serving,44,batch2_contiguous,0.063659,ok,compiled_cache,0,False,5.960464477539063e-08
hybrid-r1,serving,44,batch4_contiguous,0.064249,ok,compiled_cache,0,False,5.960464477539063e-08
hybrid-r1,serving,44,batch2_strided,0.063929,ok,compiled_cache,0,False,5.960464477539063e-08
hybrid-r1,serving,44,batch3_strided_late,0.0531,ok,eager_fallback,0,True,0.0
hybrid-r1,serving,45,batch0_contiguous,0.048111,ok,compiled_cache,0,False,0.0
hybrid-r1,serving,45,batch1_contiguous,0.069539,ok,compiled_cache,0,False,1.4901161193847656e-08
hybrid-r1,serving,45,batch2_contiguous,0.061949,ok,compiled_cache,0,False,5.960464477539063e-08
hybrid-r1,serving,45,batch4_contiguous,0.062649,ok,compiled_cache,0,False,5.960464477539063e-08
hybrid-r1,serving,45,batch2_strided,0.06587,ok,compiled_cache,0,False,5.960464477539063e-08
hybrid-r1,serving,45,batch3_strided_late,0.052119,ok,eager_fallback,0,True,0.0
hybrid-r1,serving,46,batch0_contiguous,0.045749,ok,compiled_cache,0,False,0.0
hybrid-r1,serving,46,batch1_contiguous,0.05916,ok,compiled_cache,0,False,1.4901161193847656e-08
hybrid-r1,serving,46,batch2_contiguous,0.073779,ok,compiled_cache,0,False,5.960464477539063e-08
hybrid-r1,serving,46,batch4_contiguous,0.071129,ok,compiled_cache,0,False,5.960464477539063e-08
hybrid-r1,serving,46,batch2_strided,0.067839,ok,compiled_cache,0,False,5.960464477539063e-08
hybrid-r1,serving,46,batch3_strided_late,0.050809,ok,eager_fallback,0,True,0.0
hybrid-r1,serving,47,batch0_contiguous,0.051039,ok,compiled_cache,0,False,0.0
hybrid-r1,serving,47,batch1_contiguous,0.068169,ok,compiled_cache,0,False,1.4901161193847656e-08
hybrid-r1,serving,47,batch2_contiguous,0.06253,ok,compiled_cache,0,False,5.960464477539063e-08
hybrid-r1,serving,47,batch4_contiguous,0.06282,ok,compiled_cache,0,False,5.960464477539063e-08
hybrid-r1,serving,47,batch2_strided,0.075209,ok,compiled_cache,0,False,5.960464477539063e-08
hybrid-r1,serving,47,batch3_strided_late,0.056479,ok,eager_fallback,0,True,0.0
hybrid-r1,serving,48,batch0_contiguous,0.045689,ok,compiled_cache,0,False,0.0
hybrid-r1,serving,48,batch1_contiguous,0.058559,ok,compiled_cache,0,False,1.4901161193847656e-08
hybrid-r1,serving,48,batch2_contiguous,0.065239,ok,compiled_cache,0,False,5.960464477539063e-08
hybrid-r1,serving,48,batch4_contiguous,0.07453,ok,compiled_cache,0,False,5.960464477539063e-08
hybrid-r1,serving,48,batch2_strided,0.066039,ok,compiled_cache,0,False,5.960464477539063e-08
hybrid-r1,serving,48,batch3_strided_late,0.04842,ok,eager_fallback,0,True,0.0
hybrid-r1,serving,49,batch0_contiguous,0.045639,ok,compiled_cache,0,False,0.0
hybrid-r1,serving,49,batch1_contiguous,0.061899,ok,compiled_cache,0,False,1.4901161193847656e-08
hybrid-r1,serving,49,batch2_contiguous,0.069479,ok,compiled_cache,0,False,5.960464477539063e-08
hybrid-r1,serving,49,batch4_contiguous,0.061008,ok,compiled_cache,0,False,5.960464477539063e-08
hybrid-r1,serving,49,batch2_strided,0.065119,ok,compiled_cache,0,False,5.960464477539063e-08
hybrid-r1,serving,49,batch3_strided_late,0.059899,ok,eager_fallback,0,True,0.0
hybrid-r2,warmup,,batch0_contiguous,813.095566,ok,compiled_new_variant,1,False,0.0
hybrid-r2,warmup,,batch1_contiguous,316.573044,ok,compiled_new_variant,1,False,1.4901161193847656e-08
hybrid-r2,warmup,,batch2_contiguous,139.340414,ok,compiled_new_variant,1,False,5.960464477539063e-08
hybrid-r2,warmup,,batch4_contiguous,84.416736,ok,compiled_new_variant,1,False,5.960464477539063e-08
hybrid-r2,warmup,,batch2_strided,133.993363,ok,compiled_new_variant,1,False,5.960464477539063e-08
hybrid-r2,serving,0,batch0_contiguous,0.126899,ok,compiled_cache,0,False,0.0
hybrid-r2,serving,0,batch1_contiguous,0.121028,ok,compiled_cache,0,False,1.4901161193847656e-08
hybrid-r2,serving,0,batch2_contiguous,0.092279,ok,compiled_cache,0,False,5.960464477539063e-08
hybrid-r2,serving,0,batch4_contiguous,0.086999,ok,compiled_cache,0,False,5.960464477539063e-08
hybrid-r2,serving,0,batch2_strided,0.079159,ok,compiled_cache,0,False,5.960464477539063e-08
hybrid-r2,serving,0,batch3_strided_late,0.119189,ok,eager_fallback,0,True,0.0
hybrid-r2,serving,1,batch0_contiguous,0.059018,ok,compiled_cache,0,False,0.0
hybrid-r2,serving,1,batch1_contiguous,0.072709,ok,compiled_cache,0,False,1.4901161193847656e-08
hybrid-r2,serving,1,batch2_contiguous,0.083579,ok,compiled_cache,0,False,5.960464477539063e-08
hybrid-r2,serving,1,batch4_contiguous,0.069029,ok,compiled_cache,0,False,5.960464477539063e-08
hybrid-r2,serving,1,batch2_strided,0.070299,ok,compiled_cache,0,False,5.960464477539063e-08
hybrid-r2,serving,1,batch3_strided_late,0.053919,ok,eager_fallback,0,True,0.0
hybrid-r2,serving,2,batch0_contiguous,0.050739,ok,compiled_cache,0,False,0.0
hybrid-r2,serving,2,batch1_contiguous,0.065549,ok,compiled_cache,0,False,1.4901161193847656e-08
hybrid-r2,serving,2,batch2_contiguous,0.065879,ok,compiled_cache,0,False,5.960464477539063e-08
hybrid-r2,serving,2,batch4_contiguous,0.061129,ok,compiled_cache,0,False,5.960464477539063e-08
hybrid-r2,serving,2,batch2_strided,0.069009,ok,compiled_cache,0,False,5.960464477539063e-08
hybrid-r2,serving,2,batch3_strided_late,0.05424,ok,eager_fallback,0,True,0.0
hybrid-r2,serving,3,batch0_contiguous,0.04778,ok,compiled_cache,0,False,0.0
hybrid-r2,serving,3,batch1_contiguous,0.062549,ok,compiled_cache,0,False,1.4901161193847656e-08
hybrid-r2,serving,3,batch2_contiguous,0.065639,ok,compiled_cache,0,False,5.960464477539063e-08
hybrid-r2,serving,3,batch4_contiguous,0.064609,ok,compiled_cache,0,False,5.960464477539063e-08
hybrid-r2,serving,3,batch2_strided,0.067189,ok,compiled_cache,0,False,5.960464477539063e-08
hybrid-r2,serving,3,batch3_strided_late,0.05027,ok,eager_fallback,0,True,0.0
hybrid-r2,serving,4,batch0_contiguous,0.048089,ok,compiled_cache,0,False,0.0
hybrid-r2,serving,4,batch1_contiguous,0.0644,ok,compiled_cache,0,False,1.4901161193847656e-08
hybrid-r2,serving,4,batch2_contiguous,0.061869,ok,compiled_cache,0,False,5.960464477539063e-08
hybrid-r2,serving,4,batch4_contiguous,0.060999,ok,compiled_cache,0,False,5.960464477539063e-08
hybrid-r2,serving,4,batch2_strided,0.06673,ok,compiled_cache,0,False,5.960464477539063e-08
hybrid-r2,serving,4,batch3_strided_late,0.051569,ok,eager_fallback,0,True,0.0
hybrid-r2,serving,5,batch0_contiguous,0.04691,ok,compiled_cache,0,False,0.0
hybrid-r2,serving,5,batch1_contiguous,0.060859,ok,compiled_cache,0,False,1.4901161193847656e-08
hybrid-r2,serving,5,batch2_contiguous,0.063779,ok,compiled_cache,0,False,5.960464477539063e-08
hybrid-r2,serving,5,batch4_contiguous,0.06322,ok,compiled_cache,0,False,5.960464477539063e-08
hybrid-r2,serving,5,batch2_strided,0.063489,ok,compiled_cache,0,False,5.960464477539063e-08
hybrid-r2,serving,5,batch3_strided_late,0.050069,ok,eager_fallback,0,True,0.0
hybrid-r2,serving,6,batch0_contiguous,0.047789,ok,compiled_cache,0,False,0.0
hybrid-r2,serving,6,batch1_contiguous,0.061588,ok,compiled_cache,0,False,1.4901161193847656e-08
hybrid-r2,serving,6,batch2_contiguous,0.063559,ok,compiled_cache,0,False,5.960464477539063e-08
hybrid-r2,serving,6,batch4_contiguous,0.05893,ok,compiled_cache,0,False,5.960464477539063e-08
hybrid-r2,serving,6,batch2_strided,0.067259,ok,compiled_cache,0,False,5.960464477539063e-08
hybrid-r2,serving,6,batch3_strided_late,0.051729,ok,eager_fallback,0,True,0.0
hybrid-r2,serving,7,batch0_contiguous,0.046949,ok,compiled_cache,0,False,0.0
hybrid-r2,serving,7,batch1_contiguous,0.059449,ok,compiled_cache,0,False,1.4901161193847656e-08
hybrid-r2,serving,7,batch2_contiguous,0.06418,ok,compiled_cache,0,False,5.960464477539063e-08
hybrid-r2,serving,7,batch4_contiguous,0.062759,ok,compiled_cache,0,False,5.960464477539063e-08
hybrid-r2,serving,7,batch2_strided,0.063579,ok,compiled_cache,0,False,5.960464477539063e-08
hybrid-r2,serving,7,batch3_strided_late,0.04915,ok,eager_fallback,0,True,0.0
hybrid-r2,serving,8,batch0_contiguous,0.04715,ok,compiled_cache,0,False,0.0
hybrid-r2,serving,8,batch1_contiguous,0.062519,ok,compiled_cache,0,False,1.4901161193847656e-08
hybrid-r2,serving,8,batch2_contiguous,0.061509,ok,compiled_cache,0,False,5.960464477539063e-08
hybrid-r2,serving,8,batch4_contiguous,0.059359,ok,compiled_cache,0,False,5.960464477539063e-08
hybrid-r2,serving,8,batch2_strided,0.068699,ok,compiled_cache,0,False,5.960464477539063e-08
hybrid-r2,serving,8,batch3_strided_late,0.052929,ok,eager_fallback,0,True,0.0
hybrid-r2,serving,9,batch0_contiguous,0.047749,ok,compiled_cache,0,False,0.0
hybrid-r2,serving,9,batch1_contiguous,0.060189,ok,compiled_cache,0,False,1.4901161193847656e-08
hybrid-r2,serving,9,batch2_contiguous,0.072089,ok,compiled_cache,0,False,5.960464477539063e-08
hybrid-r2,serving,9,batch4_contiguous,0.062509,ok,compiled_cache,0,False,5.960464477539063e-08
hybrid-r2,serving,9,batch2_strided,0.063219,ok,compiled_cache,0,False,5.960464477539063e-08
hybrid-r2,serving,9,batch3_strided_late,0.049239,ok,eager_fallback,0,True,0.0
hybrid-r2,serving,10,batch0_contiguous,0.047239,ok,compiled_cache,0,False,0.0
hybrid-r2,serving,10,batch1_contiguous,0.060319,ok,compiled_cache,0,False,1.4901161193847656e-08
hybrid-r2,serving,10,batch2_contiguous,0.064109,ok,compiled_cache,0,False,5.960464477539063e-08
hybrid-r2,serving,10,batch4_contiguous,0.060209,ok,compiled_cache,0,False,5.960464477539063e-08
hybrid-r2,serving,10,batch2_strided,0.073579,ok,compiled_cache,0,False,5.960464477539063e-08
hybrid-r2,serving,10,batch3_strided_late,0.059039,ok,eager_fallback,0,True,0.0
hybrid-r2,serving,11,batch0_contiguous,0.044429,ok,compiled_cache,0,False,0.0
hybrid-r2,serving,11,batch1_contiguous,0.111429,ok,compiled_cache,0,False,1.4901161193847656e-08
hybrid-r2,serving,11,batch2_contiguous,0.079769,ok,compiled_cache,0,False,5.960464477539063e-08
hybrid-r2,serving,11,batch4_contiguous,0.073909,ok,compiled_cache,0,False,5.960464477539063e-08
hybrid-r2,serving,11,batch2_strided,0.065819,ok,compiled_cache,0,False,5.960464477539063e-08
hybrid-r2,serving,11,batch3_strided_late,0.049699,ok,eager_fallback,0,True,0.0
hybrid-r2,serving,12,batch0_contiguous,0.047588,ok,compiled_cache,0,False,0.0
hybrid-r2,serving,12,batch1_contiguous,0.060029,ok,compiled_cache,0,False,1.4901161193847656e-08
hybrid-r2,serving,12,batch2_contiguous,0.060999,ok,compiled_cache,0,False,5.960464477539063e-08
hybrid-r2,serving,12,batch4_contiguous,0.059469,ok,compiled_cache,0,False,5.960464477539063e-08
hybrid-r2,serving,12,batch2_strided,0.072419,ok,compiled_cache,0,False,5.960464477539063e-08
hybrid-r2,serving,12,batch3_strided_late,0.054068,ok,eager_fallback,0,True,0.0
hybrid-r2,serving,13,batch0_contiguous,0.047659,ok,compiled_cache,0,False,0.0
hybrid-r2,serving,13,batch1_contiguous,0.059668,ok,compiled_cache,0,False,1.4901161193847656e-08
hybrid-r2,serving,13,batch2_contiguous,0.061199,ok,compiled_cache,0,False,5.960464477539063e-08
hybrid-r2,serving,13,batch4_contiguous,0.068169,ok,compiled_cache,0,False,5.960464477539063e-08
hybrid-r2,serving,13,batch2_strided,0.064759,ok,compiled_cache,0,False,5.960464477539063e-08
hybrid-r2,serving,13,batch3_strided_late,0.04823,ok,eager_fallback,0,True,0.0
hybrid-r2,serving,14,batch0_contiguous,0.056288,ok,compiled_cache,0,False,0.0
hybrid-r2,serving,14,batch1_contiguous,0.061139,ok,compiled_cache,0,False,1.4901161193847656e-08
hybrid-r2,serving,14,batch2_contiguous,0.062449,ok,compiled_cache,0,False,5.960464477539063e-08
hybrid-r2,serving,14,batch4_contiguous,0.059279,ok,compiled_cache,0,False,5.960464477539063e-08
hybrid-r2,serving,14,batch2_strided,0.062119,ok,compiled_cache,0,False,5.960464477539063e-08
hybrid-r2,serving,14,batch3_strided_late,0.060259,ok,eager_fallback,0,True,0.0
hybrid-r2,serving,15,batch0_contiguous,0.047068,ok,compiled_cache,0,False,0.0
hybrid-r2,serving,15,batch1_contiguous,0.060939,ok,compiled_cache,0,False,1.4901161193847656e-08
hybrid-r2,serving,15,batch2_contiguous,0.061039,ok,compiled_cache,0,False,5.960464477539063e-08
hybrid-r2,serving,15,batch4_contiguous,0.06152,ok,compiled_cache,0,False,5.960464477539063e-08
hybrid-r2,serving,15,batch2_strided,0.067319,ok,compiled_cache,0,False,5.960464477539063e-08
hybrid-r2,serving,15,batch3_strided_late,0.05063,ok,eager_fallback,0,True,0.0
hybrid-r2,serving,16,batch0_contiguous,0.05527,ok,compiled_cache,0,False,0.0
hybrid-r2,serving,16,batch1_contiguous,0.059329,ok,compiled_cache,0,False,1.4901161193847656e-08
hybrid-r2,serving,16,batch2_contiguous,0.062259,ok,compiled_cache,0,False,5.960464477539063e-08
hybrid-r2,serving,16,batch4_contiguous,0.059159,ok,compiled_cache,0,False,5.960464477539063e-08
hybrid-r2,serving,16,batch2_strided,0.073239,ok,compiled_cache,0,False,5.960464477539063e-08
hybrid-r2,serving,16,batch3_strided_late,0.058209,ok,eager_fallback,0,True,0.0
hybrid-r2,serving,17,batch0_contiguous,0.047499,ok,compiled_cache,0,False,0.0
hybrid-r2,serving,17,batch1_contiguous,0.058449,ok,compiled_cache,0,False,1.4901161193847656e-08
hybrid-r2,serving,17,batch2_contiguous,0.05951,ok,compiled_cache,0,False,5.960464477539063e-08
hybrid-r2,serving,17,batch4_contiguous,0.062729,ok,compiled_cache,0,False,5.960464477539063e-08
hybrid-r2,serving,17,batch2_strided,0.066849,ok,compiled_cache,0,False,5.960464477539063e-08
hybrid-r2,serving,17,batch3_strided_late,0.04946,ok,eager_fallback,0,True,0.0
hybrid-r2,serving,18,batch0_contiguous,0.05604,ok,compiled_cache,0,False,0.0
hybrid-r2,serving,18,batch1_contiguous,0.06257,ok,compiled_cache,0,False,1.4901161193847656e-08
hybrid-r2,serving,18,batch2_contiguous,0.065549,ok,compiled_cache,0,False,5.960464477539063e-08
hybrid-r2,serving,18,batch4_contiguous,0.06029,ok,compiled_cache,0,False,5.960464477539063e-08
hybrid-r2,serving,18,batch2_strided,0.075449,ok,compiled_cache,0,False,5.960464477539063e-08
hybrid-r2,serving,18,batch3_strided_late,0.060679,ok,eager_fallback,0,True,0.0
hybrid-r2,serving,19,batch0_contiguous,0.046569,ok,compiled_cache,0,False,0.0
hybrid-r2,serving,19,batch1_contiguous,0.062319,ok,compiled_cache,0,False,1.4901161193847656e-08
hybrid-r2,serving,19,batch2_contiguous,0.063209,ok,compiled_cache,0,False,5.960464477539063e-08
hybrid-r2,serving,19,batch4_contiguous,0.062899,ok,compiled_cache,0,False,5.960464477539063e-08
hybrid-r2,serving,19,batch2_strided,0.066439,ok,compiled_cache,0,False,5.960464477539063e-08
hybrid-r2,serving,19,batch3_strided_late,0.04956,ok,eager_fallback,0,True,0.0
hybrid-r2,serving,20,batch0_contiguous,0.04594,ok,compiled_cache,0,False,0.0
hybrid-r2,serving,20,batch1_contiguous,0.06212,ok,compiled_cache,0,False,1.4901161193847656e-08
hybrid-r2,serving,20,batch2_contiguous,0.062659,ok,compiled_cache,0,False,5.960464477539063e-08
hybrid-r2,serving,20,batch4_contiguous,0.059619,ok,compiled_cache,0,False,5.960464477539063e-08
hybrid-r2,serving,20,batch2_strided,0.062579,ok,compiled_cache,0,False,5.960464477539063e-08
hybrid-r2,serving,20,batch3_strided_late,0.051369,ok,eager_fallback,0,True,0.0
hybrid-r2,serving,21,batch0_contiguous,0.04789,ok,compiled_cache,0,False,0.0
hybrid-r2,serving,21,batch1_contiguous,0.06982,ok,compiled_cache,0,False,1.4901161193847656e-08
hybrid-r2,serving,21,batch2_contiguous,0.060369,ok,compiled_cache,0,False,5.960464477539063e-08
hybrid-r2,serving,21,batch4_contiguous,0.091618,ok,compiled_cache,0,False,5.960464477539063e-08
hybrid-r2,serving,21,batch2_strided,0.06957,ok,compiled_cache,0,False,5.960464477539063e-08
hybrid-r2,serving,21,batch3_strided_late,0.054608,ok,eager_fallback,0,True,0.0
hybrid-r2,serving,22,batch0_contiguous,0.060429,ok,compiled_cache,0,False,0.0
hybrid-r2,serving,22,batch1_contiguous,0.061079,ok,compiled_cache,0,False,1.4901161193847656e-08
hybrid-r2,serving,22,batch2_contiguous,0.065039,ok,compiled_cache,0,False,5.960464477539063e-08
hybrid-r2,serving,22,batch4_contiguous,0.064269,ok,compiled_cache,0,False,5.960464477539063e-08
hybrid-r2,serving,22,batch2_strided,0.063959,ok,compiled_cache,0,False,5.960464477539063e-08
hybrid-r2,serving,22,batch3_strided_late,0.065568,ok,eager_fallback,0,True,0.0
hybrid-r2,serving,23,batch0_contiguous,0.049119,ok,compiled_cache,0,False,0.0
hybrid-r2,serving,23,batch1_contiguous,0.060359,ok,compiled_cache,0,False,1.4901161193847656e-08
hybrid-r2,serving,23,batch2_contiguous,0.06243,ok,compiled_cache,0,False,5.960464477539063e-08
hybrid-r2,serving,23,batch4_contiguous,0.064339,ok,compiled_cache,0,False,5.960464477539063e-08
hybrid-r2,serving,23,batch2_strided,0.065959,ok,compiled_cache,0,False,5.960464477539063e-08
hybrid-r2,serving,23,batch3_strided_late,0.048831,ok,eager_fallback,0,True,0.0
hybrid-r2,serving,24,batch0_contiguous,0.048059,ok,compiled_cache,0,False,0.0
hybrid-r2,serving,24,batch1_contiguous,0.05981,ok,compiled_cache,0,False,1.4901161193847656e-08
hybrid-r2,serving,24,batch2_contiguous,0.06149,ok,compiled_cache,0,False,5.960464477539063e-08
hybrid-r2,serving,24,batch4_contiguous,0.062589,ok,compiled_cache,0,False,5.960464477539063e-08
hybrid-r2,serving,24,batch2_strided,0.063039,ok,compiled_cache,0,False,5.960464477539063e-08
hybrid-r2,serving,24,batch3_strided_late,0.05506,ok,eager_fallback,0,True,0.0
hybrid-r2,serving,25,batch0_contiguous,0.049191,ok,compiled_cache,0,False,0.0
hybrid-r2,serving,25,batch1_contiguous,0.061929,ok,compiled_cache,0,False,1.4901161193847656e-08
hybrid-r2,serving,25,batch2_contiguous,0.060509,ok,compiled_cache,0,False,5.960464477539063e-08
hybrid-r2,serving,25,batch4_contiguous,0.066009,ok,compiled_cache,0,False,5.960464477539063e-08
hybrid-r2,serving,25,batch2_strided,0.066759,ok,compiled_cache,0,False,5.960464477539063e-08
hybrid-r2,serving,25,batch3_strided_late,0.04907,ok,eager_fallback,0,True,0.0
hybrid-r2,serving,26,batch0_contiguous,0.0468,ok,compiled_cache,0,False,0.0
hybrid-r2,serving,26,batch1_contiguous,0.06068,ok,compiled_cache,0,False,1.4901161193847656e-08
hybrid-r2,serving,26,batch2_contiguous,0.068668,ok,compiled_cache,0,False,5.960464477539063e-08
hybrid-r2,serving,26,batch4_contiguous,0.059259,ok,compiled_cache,0,False,5.960464477539063e-08
hybrid-r2,serving,26,batch2_strided,0.06177,ok,compiled_cache,0,False,5.960464477539063e-08
hybrid-r2,serving,26,batch3_strided_late,0.049989,ok,eager_fallback,0,True,0.0
hybrid-r2,serving,27,batch0_contiguous,0.051329,ok,compiled_cache,0,False,0.0
hybrid-r2,serving,27,batch1_contiguous,0.060299,ok,compiled_cache,0,False,1.4901161193847656e-08
hybrid-r2,serving,27,batch2_contiguous,0.05987,ok,compiled_cache,0,False,5.960464477539063e-08
hybrid-r2,serving,27,batch4_contiguous,0.071759,ok,compiled_cache,0,False,5.960464477539063e-08
hybrid-r2,serving,27,batch2_strided,0.06779,ok,compiled_cache,0,False,5.960464477539063e-08
hybrid-r2,serving,27,batch3_strided_late,0.049039,ok,eager_fallback,0,True,0.0
hybrid-r2,serving,28,batch0_contiguous,0.04613,ok,compiled_cache,0,False,0.0
hybrid-r2,serving,28,batch1_contiguous,0.05991,ok,compiled_cache,0,False,1.4901161193847656e-08
hybrid-r2,serving,28,batch2_contiguous,0.070579,ok,compiled_cache,0,False,5.960464477539063e-08
hybrid-r2,serving,28,batch4_contiguous,0.059919,ok,compiled_cache,0,False,5.960464477539063e-08
hybrid-r2,serving,28,batch2_strided,0.067249,ok,compiled_cache,0,False,5.960464477539063e-08
hybrid-r2,serving,28,batch3_strided_late,0.051789,ok,eager_fallback,0,True,0.0
hybrid-r2,serving,29,batch0_contiguous,0.047989,ok,compiled_cache,0,False,0.0
hybrid-r2,serving,29,batch1_contiguous,0.060799,ok,compiled_cache,0,False,1.4901161193847656e-08
hybrid-r2,serving,29,batch2_contiguous,0.063689,ok,compiled_cache,0,False,5.960464477539063e-08
hybrid-r2,serving,29,batch4_contiguous,0.059128,ok,compiled_cache,0,False,5.960464477539063e-08
hybrid-r2,serving,29,batch2_strided,0.07343,ok,compiled_cache,0,False,5.960464477539063e-08
hybrid-r2,serving,29,batch3_strided_late,0.049029,ok,eager_fallback,0,True,0.0
hybrid-r2,serving,30,batch0_contiguous,0.045719,ok,compiled_cache,0,False,0.0
hybrid-r2,serving,30,batch1_contiguous,0.063009,ok,compiled_cache,0,False,1.4901161193847656e-08
hybrid-r2,serving,30,batch2_contiguous,0.063799,ok,compiled_cache,0,False,5.960464477539063e-08
hybrid-r2,serving,30,batch4_contiguous,0.06121,ok,compiled_cache,0,False,5.960464477539063e-08
hybrid-r2,serving,30,batch2_strided,0.063819,ok,compiled_cache,0,False,5.960464477539063e-08
hybrid-r2,serving,30,batch3_strided_late,0.062739,ok,eager_fallback,0,True,0.0
hybrid-r2,serving,31,batch0_contiguous,0.07001,ok,compiled_cache,0,False,0.0
hybrid-r2,serving,31,batch1_contiguous,0.061779,ok,compiled_cache,0,False,1.4901161193847656e-08
hybrid-r2,serving,31,batch2_contiguous,0.060009,ok,compiled_cache,0,False,5.960464477539063e-08
hybrid-r2,serving,31,batch4_contiguous,0.058149,ok,compiled_cache,0,False,5.960464477539063e-08
hybrid-r2,serving,31,batch2_strided,0.075589,ok,compiled_cache,0,False,5.960464477539063e-08
hybrid-r2,serving,31,batch3_strided_late,0.05053,ok,eager_fallback,0,True,0.0
hybrid-r2,serving,32,batch0_contiguous,0.069979,ok,compiled_cache,0,False,0.0
hybrid-r2,serving,32,batch1_contiguous,0.05928,ok,compiled_cache,0,False,1.4901161193847656e-08
hybrid-r2,serving,32,batch2_contiguous,0.074569,ok,compiled_cache,0,False,5.960464477539063e-08
hybrid-r2,serving,32,batch4_contiguous,0.06089,ok,compiled_cache,0,False,5.960464477539063e-08
hybrid-r2,serving,32,batch2_strided,0.065439,ok,compiled_cache,0,False,5.960464477539063e-08
hybrid-r2,serving,32,batch3_strided_late,0.05059,ok,eager_fallback,0,True,0.0
hybrid-r2,serving,33,batch0_contiguous,0.046671,ok,compiled_cache,0,False,0.0
hybrid-r2,serving,33,batch1_contiguous,0.063429,ok,compiled_cache,0,False,1.4901161193847656e-08
hybrid-r2,serving,33,batch2_contiguous,0.0636,ok,compiled_cache,0,False,5.960464477539063e-08
hybrid-r2,serving,33,batch4_contiguous,0.069779,ok,compiled_cache,0,False,5.960464477539063e-08
hybrid-r2,serving,33,batch2_strided,0.075939,ok,compiled_cache,0,False,5.960464477539063e-08
hybrid-r2,serving,33,batch3_strided_late,0.049709,ok,eager_fallback,0,True,0.0
hybrid-r2,serving,34,batch0_contiguous,0.04924,ok,compiled_cache,0,False,0.0
hybrid-r2,serving,34,batch1_contiguous,0.060208,ok,compiled_cache,0,False,1.4901161193847656e-08
hybrid-r2,serving,34,batch2_contiguous,0.063549,ok,compiled_cache,0,False,5.960464477539063e-08
hybrid-r2,serving,34,batch4_contiguous,0.060369,ok,compiled_cache,0,False,5.960464477539063e-08
hybrid-r2,serving,34,batch2_strided,0.070079,ok,compiled_cache,0,False,5.960464477539063e-08
hybrid-r2,serving,34,batch3_strided_late,0.060369,ok,eager_fallback,0,True,0.0
hybrid-r2,serving,35,batch0_contiguous,0.047679,ok,compiled_cache,0,False,0.0
hybrid-r2,serving,35,batch1_contiguous,0.06295,ok,compiled_cache,0,False,1.4901161193847656e-08
hybrid-r2,serving,35,batch2_contiguous,0.063829,ok,compiled_cache,0,False,5.960464477539063e-08
hybrid-r2,serving,35,batch4_contiguous,0.0605,ok,compiled_cache,0,False,5.960464477539063e-08
hybrid-r2,serving,35,batch2_strided,0.077869,ok,compiled_cache,0,False,5.960464477539063e-08
hybrid-r2,serving,35,batch3_strided_late,0.04982,ok,eager_fallback,0,True,0.0
hybrid-r2,serving,36,batch0_contiguous,0.04447,ok,compiled_cache,0,False,0.0
hybrid-r2,serving,36,batch1_contiguous,0.061868,ok,compiled_cache,0,False,1.4901161193847656e-08
hybrid-r2,serving,36,batch2_contiguous,0.061959,ok,compiled_cache,0,False,5.960464477539063e-08
hybrid-r2,serving,36,batch4_contiguous,0.061589,ok,compiled_cache,0,False,5.960464477539063e-08
hybrid-r2,serving,36,batch2_strided,0.06326,ok,compiled_cache,0,False,5.960464477539063e-08
hybrid-r2,serving,36,batch3_strided_late,0.060589,ok,eager_fallback,0,True,0.0
hybrid-r2,serving,37,batch0_contiguous,0.058529,ok,compiled_cache,0,False,0.0
hybrid-r2,serving,37,batch1_contiguous,0.061259,ok,compiled_cache,0,False,1.4901161193847656e-08
hybrid-r2,serving,37,batch2_contiguous,0.059559,ok,compiled_cache,0,False,5.960464477539063e-08
hybrid-r2,serving,37,batch4_contiguous,0.05781,ok,compiled_cache,0,False,5.960464477539063e-08
hybrid-r2,serving,37,batch2_strided,0.076229,ok,compiled_cache,0,False,5.960464477539063e-08
hybrid-r2,serving,37,batch3_strided_late,0.05033,ok,eager_fallback,0,True,0.0
hybrid-r2,serving,38,batch0_contiguous,0.046699,ok,compiled_cache,0,False,0.0
hybrid-r2,serving,38,batch1_contiguous,0.058259,ok,compiled_cache,0,False,1.4901161193847656e-08
hybrid-r2,serving,38,batch2_contiguous,0.0624,ok,compiled_cache,0,False,5.960464477539063e-08
hybrid-r2,serving,38,batch4_contiguous,0.065759,ok,compiled_cache,0,False,5.960464477539063e-08
hybrid-r2,serving,38,batch2_strided,0.067689,ok,compiled_cache,0,False,5.960464477539063e-08
hybrid-r2,serving,38,batch3_strided_late,0.060709,ok,eager_fallback,0,True,0.0
hybrid-r2,serving,39,batch0_contiguous,0.056189,ok,compiled_cache,0,False,0.0
hybrid-r2,serving,39,batch1_contiguous,0.064359,ok,compiled_cache,0,False,1.4901161193847656e-08
hybrid-r2,serving,39,batch2_contiguous,0.061169,ok,compiled_cache,0,False,5.960464477539063e-08
hybrid-r2,serving,39,batch4_contiguous,0.058351,ok,compiled_cache,0,False,5.960464477539063e-08
hybrid-r2,serving,39,batch2_strided,0.076108,ok,compiled_cache,0,False,5.960464477539063e-08
hybrid-r2,serving,39,batch3_strided_late,0.04964,ok,eager_fallback,0,True,0.0
hybrid-r2,serving,40,batch0_contiguous,0.04819,ok,compiled_cache,0,False,0.0
hybrid-r2,serving,40,batch1_contiguous,0.05935,ok,compiled_cache,0,False,1.4901161193847656e-08
hybrid-r2,serving,40,batch2_contiguous,0.064489,ok,compiled_cache,0,False,5.960464477539063e-08
hybrid-r2,serving,40,batch4_contiguous,0.06317,ok,compiled_cache,0,False,5.960464477539063e-08
hybrid-r2,serving,40,batch2_strided,0.06664,ok,compiled_cache,0,False,5.960464477539063e-08
hybrid-r2,serving,40,batch3_strided_late,0.060979,ok,eager_fallback,0,True,0.0
hybrid-r2,serving,41,batch0_contiguous,0.048949,ok,compiled_cache,0,False,0.0
hybrid-r2,serving,41,batch1_contiguous,0.059449,ok,compiled_cache,0,False,1.4901161193847656e-08
hybrid-r2,serving,41,batch2_contiguous,0.059929,ok,compiled_cache,0,False,5.960464477539063e-08
hybrid-r2,serving,41,batch4_contiguous,0.06331,ok,compiled_cache,0,False,5.960464477539063e-08
hybrid-r2,serving,41,batch2_strided,0.075748,ok,compiled_cache,0,False,5.960464477539063e-08
hybrid-r2,serving,41,batch3_strided_late,0.049851,ok,eager_fallback,0,True,0.0
hybrid-r2,serving,42,batch0_contiguous,0.04577,ok,compiled_cache,0,False,0.0
hybrid-r2,serving,42,batch1_contiguous,0.06371,ok,compiled_cache,0,False,1.4901161193847656e-08
hybrid-r2,serving,42,batch2_contiguous,0.095119,ok,compiled_cache,0,False,5.960464477539063e-08
hybrid-r2,serving,42,batch4_contiguous,0.063339,ok,compiled_cache,0,False,5.960464477539063e-08
hybrid-r2,serving,42,batch2_strided,0.068519,ok,compiled_cache,0,False,5.960464477539063e-08
hybrid-r2,serving,42,batch3_strided_late,0.052169,ok,eager_fallback,0,True,0.0
hybrid-r2,serving,43,batch0_contiguous,0.05309,ok,compiled_cache,0,False,0.0
hybrid-r2,serving,43,batch1_contiguous,0.06205,ok,compiled_cache,0,False,1.4901161193847656e-08
hybrid-r2,serving,43,batch2_contiguous,0.064969,ok,compiled_cache,0,False,5.960464477539063e-08
hybrid-r2,serving,43,batch4_contiguous,0.07352,ok,compiled_cache,0,False,5.960464477539063e-08
hybrid-r2,serving,43,batch2_strided,0.070519,ok,compiled_cache,0,False,5.960464477539063e-08
hybrid-r2,serving,43,batch3_strided_late,0.04912,ok,eager_fallback,0,True,0.0
hybrid-r2,serving,44,batch0_contiguous,0.047109,ok,compiled_cache,0,False,0.0
hybrid-r2,serving,44,batch1_contiguous,0.058609,ok,compiled_cache,0,False,1.4901161193847656e-08
hybrid-r2,serving,44,batch2_contiguous,0.070819,ok,compiled_cache,0,False,5.960464477539063e-08
hybrid-r2,serving,44,batch4_contiguous,0.063539,ok,compiled_cache,0,False,5.960464477539063e-08
hybrid-r2,serving,44,batch2_strided,0.06204,ok,compiled_cache,0,False,5.960464477539063e-08
hybrid-r2,serving,44,batch3_strided_late,0.051119,ok,eager_fallback,0,True,0.0
hybrid-r2,serving,45,batch0_contiguous,0.048239,ok,compiled_cache,0,False,0.0
hybrid-r2,serving,45,batch1_contiguous,0.064679,ok,compiled_cache,0,False,1.4901161193847656e-08
hybrid-r2,serving,45,batch2_contiguous,0.060369,ok,compiled_cache,0,False,5.960464477539063e-08
hybrid-r2,serving,45,batch4_contiguous,0.07119,ok,compiled_cache,0,False,5.960464477539063e-08
hybrid-r2,serving,45,batch2_strided,0.069619,ok,compiled_cache,0,False,5.960464477539063e-08
hybrid-r2,serving,45,batch3_strided_late,0.04979,ok,eager_fallback,0,True,0.0
hybrid-r2,serving,46,batch0_contiguous,0.04814,ok,compiled_cache,0,False,0.0
hybrid-r2,serving,46,batch1_contiguous,0.059268,ok,compiled_cache,0,False,1.4901161193847656e-08
hybrid-r2,serving,46,batch2_contiguous,0.069359,ok,compiled_cache,0,False,5.960464477539063e-08
hybrid-r2,serving,46,batch4_contiguous,0.059779,ok,compiled_cache,0,False,5.960464477539063e-08
hybrid-r2,serving,46,batch2_strided,0.066909,ok,compiled_cache,0,False,5.960464477539063e-08
hybrid-r2,serving,46,batch3_strided_late,0.049899,ok,eager_fallback,0,True,0.0
hybrid-r2,serving,47,batch0_contiguous,0.047698,ok,compiled_cache,0,False,0.0
hybrid-r2,serving,47,batch1_contiguous,0.05957,ok,compiled_cache,0,False,1.4901161193847656e-08
hybrid-r2,serving,47,batch2_contiguous,0.06113,ok,compiled_cache,0,False,5.960464477539063e-08
hybrid-r2,serving,47,batch4_contiguous,0.075139,ok,compiled_cache,0,False,5.960464477539063e-08
hybrid-r2,serving,47,batch2_strided,0.072829,ok,compiled_cache,0,False,5.960464477539063e-08
hybrid-r2,serving,47,batch3_strided_late,0.050549,ok,eager_fallback,0,True,0.0
hybrid-r2,serving,48,batch0_contiguous,0.044819,ok,compiled_cache,0,False,0.0
hybrid-r2,serving,48,batch1_contiguous,0.061719,ok,compiled_cache,0,False,1.4901161193847656e-08
hybrid-r2,serving,48,batch2_contiguous,0.074008,ok,compiled_cache,0,False,5.960464477539063e-08
hybrid-r2,serving,48,batch4_contiguous,0.061179,ok,compiled_cache,0,False,5.960464477539063e-08
hybrid-r2,serving,48,batch2_strided,0.0644,ok,compiled_cache,0,False,5.960464477539063e-08
hybrid-r2,serving,48,batch3_strided_late,0.051689,ok,eager_fallback,0,True,0.0
hybrid-r2,serving,49,batch0_contiguous,0.050539,ok,compiled_cache,0,False,0.0
hybrid-r2,serving,49,batch1_contiguous,0.060999,ok,compiled_cache,0,False,1.4901161193847656e-08
hybrid-r2,serving,49,batch2_contiguous,0.061468,ok,compiled_cache,0,False,5.960464477539063e-08
hybrid-r2,serving,49,batch4_contiguous,0.07086,ok,compiled_cache,0,False,5.960464477539063e-08
hybrid-r2,serving,49,batch2_strided,0.065969,ok,compiled_cache,0,False,5.960464477539063e-08
hybrid-r2,serving,49,batch3_strided_late,0.0538,ok,eager_fallback,0,True,0.0
hybrid-r3,warmup,,batch0_contiguous,805.972058,ok,compiled_new_variant,1,False,0.0
hybrid-r3,warmup,,batch1_contiguous,313.541324,ok,compiled_new_variant,1,False,1.4901161193847656e-08
hybrid-r3,warmup,,batch2_contiguous,141.788511,ok,compiled_new_variant,1,False,5.960464477539063e-08
hybrid-r3,warmup,,batch4_contiguous,85.313154,ok,compiled_new_variant,1,False,5.960464477539063e-08
hybrid-r3,warmup,,batch2_strided,136.907965,ok,compiled_new_variant,1,False,5.960464477539063e-08
hybrid-r3,serving,0,batch0_contiguous,0.141309,ok,compiled_cache,0,False,0.0
hybrid-r3,serving,0,batch1_contiguous,0.120558,ok,compiled_cache,0,False,1.4901161193847656e-08
hybrid-r3,serving,0,batch2_contiguous,0.092139,ok,compiled_cache,0,False,5.960464477539063e-08
hybrid-r3,serving,0,batch4_contiguous,0.087529,ok,compiled_cache,0,False,5.960464477539063e-08
hybrid-r3,serving,0,batch2_strided,0.09051,ok,compiled_cache,0,False,5.960464477539063e-08
hybrid-r3,serving,0,batch3_strided_late,0.107858,ok,eager_fallback,0,True,0.0
hybrid-r3,serving,1,batch0_contiguous,0.057779,ok,compiled_cache,0,False,0.0
hybrid-r3,serving,1,batch1_contiguous,0.085609,ok,compiled_cache,0,False,1.4901161193847656e-08
hybrid-r3,serving,1,batch2_contiguous,0.074169,ok,compiled_cache,0,False,5.960464477539063e-08
hybrid-r3,serving,1,batch4_contiguous,0.067999,ok,compiled_cache,0,False,5.960464477539063e-08
hybrid-r3,serving,1,batch2_strided,0.06997,ok,compiled_cache,0,False,5.960464477539063e-08
hybrid-r3,serving,1,batch3_strided_late,0.065349,ok,eager_fallback,0,True,0.0
hybrid-r3,serving,2,batch0_contiguous,0.051199,ok,compiled_cache,0,False,0.0
hybrid-r3,serving,2,batch1_contiguous,0.065809,ok,compiled_cache,0,False,1.4901161193847656e-08
hybrid-r3,serving,2,batch2_contiguous,0.065529,ok,compiled_cache,0,False,5.960464477539063e-08
hybrid-r3,serving,2,batch4_contiguous,0.074129,ok,compiled_cache,0,False,5.960464477539063e-08
hybrid-r3,serving,2,batch2_strided,0.068188,ok,compiled_cache,0,False,5.960464477539063e-08
hybrid-r3,serving,2,batch3_strided_late,0.051251,ok,eager_fallback,0,True,0.0
hybrid-r3,serving,3,batch0_contiguous,0.05794,ok,compiled_cache,0,False,0.0
hybrid-r3,serving,3,batch1_contiguous,0.06344,ok,compiled_cache,0,False,1.4901161193847656e-08
hybrid-r3,serving,3,batch2_contiguous,0.066709,ok,compiled_cache,0,False,5.960464477539063e-08
hybrid-r3,serving,3,batch4_contiguous,0.065549,ok,compiled_cache,0,False,5.960464477539063e-08
hybrid-r3,serving,3,batch2_strided,0.080369,ok,compiled_cache,0,False,5.960464477539063e-08
hybrid-r3,serving,3,batch3_strided_late,0.05372,ok,eager_fallback,0,True,0.0
hybrid-r3,serving,4,batch0_contiguous,0.04805,ok,compiled_cache,0,False,0.0
hybrid-r3,serving,4,batch1_contiguous,0.06411,ok,compiled_cache,0,False,1.4901161193847656e-08
hybrid-r3,serving,4,batch2_contiguous,0.063509,ok,compiled_cache,0,False,5.960464477539063e-08
hybrid-r3,serving,4,batch4_contiguous,0.074929,ok,compiled_cache,0,False,5.960464477539063e-08
hybrid-r3,serving,4,batch2_strided,0.067319,ok,compiled_cache,0,False,5.960464477539063e-08
hybrid-r3,serving,4,batch3_strided_late,0.050739,ok,eager_fallback,0,True,0.0
hybrid-r3,serving,5,batch0_contiguous,0.048008,ok,compiled_cache,0,False,0.0
hybrid-r3,serving,5,batch1_contiguous,0.069519,ok,compiled_cache,0,False,1.4901161193847656e-08
hybrid-r3,serving,5,batch2_contiguous,0.06605,ok,compiled_cache,0,False,5.960464477539063e-08
hybrid-r3,serving,5,batch4_contiguous,0.061959,ok,compiled_cache,0,False,5.960464477539063e-08
hybrid-r3,serving,5,batch2_strided,0.076599,ok,compiled_cache,0,False,5.960464477539063e-08
hybrid-r3,serving,5,batch3_strided_late,0.053479,ok,eager_fallback,0,True,0.0
hybrid-r3,serving,6,batch0_contiguous,0.04626,ok,compiled_cache,0,False,0.0
hybrid-r3,serving,6,batch1_contiguous,0.06026,ok,compiled_cache,0,False,1.4901161193847656e-08
hybrid-r3,serving,6,batch2_contiguous,0.061789,ok,compiled_cache,0,False,5.960464477539063e-08
hybrid-r3,serving,6,batch4_contiguous,0.072489,ok,compiled_cache,0,False,5.960464477539063e-08
hybrid-r3,serving,6,batch2_strided,0.06624,ok,compiled_cache,0,False,5.960464477539063e-08
hybrid-r3,serving,6,batch3_strided_late,0.050529,ok,eager_fallback,0,True,0.0
hybrid-r3,serving,7,batch0_contiguous,0.066319,ok,compiled_cache,0,False,0.0
hybrid-r3,serving,7,batch1_contiguous,0.07517,ok,compiled_cache,0,False,1.4901161193847656e-08
hybrid-r3,serving,7,batch2_contiguous,0.065169,ok,compiled_cache,0,False,5.960464477539063e-08
hybrid-r3,serving,7,batch4_contiguous,0.060539,ok,compiled_cache,0,False,5.960464477539063e-08
hybrid-r3,serving,7,batch2_strided,0.079989,ok,compiled_cache,0,False,5.960464477539063e-08
hybrid-r3,serving,7,batch3_strided_late,0.054099,ok,eager_fallback,0,True,0.0
hybrid-r3,serving,8,batch0_contiguous,0.048118,ok,compiled_cache,0,False,0.0
hybrid-r3,serving,8,batch1_contiguous,0.062548,ok,compiled_cache,0,False,1.4901161193847656e-08
hybrid-r3,serving,8,batch2_contiguous,0.07689,ok,compiled_cache,0,False,5.960464477539063e-08
hybrid-r3,serving,8,batch4_contiguous,0.066789,ok,compiled_cache,0,False,5.960464477539063e-08
hybrid-r3,serving,8,batch2_strided,0.06793,ok,compiled_cache,0,False,5.960464477539063e-08
hybrid-r3,serving,8,batch3_strided_late,0.050889,ok,eager_fallback,0,True,0.0
hybrid-r3,serving,9,batch0_contiguous,0.048229,ok,compiled_cache,0,False,0.0
hybrid-r3,serving,9,batch1_contiguous,0.068988,ok,compiled_cache,0,False,1.4901161193847656e-08
hybrid-r3,serving,9,batch2_contiguous,0.06307,ok,compiled_cache,0,False,5.960464477539063e-08
hybrid-r3,serving,9,batch4_contiguous,0.06053,ok,compiled_cache,0,False,5.960464477539063e-08
hybrid-r3,serving,9,batch2_strided,0.067219,ok,compiled_cache,0,False,5.960464477539063e-08
hybrid-r3,serving,9,batch3_strided_late,0.05146,ok,eager_fallback,0,True,0.0
hybrid-r3,serving,10,batch0_contiguous,0.04656,ok,compiled_cache,0,False,0.0
hybrid-r3,serving,10,batch1_contiguous,0.06122,ok,compiled_cache,0,False,1.4901161193847656e-08
hybrid-r3,serving,10,batch2_contiguous,0.077839,ok,compiled_cache,0,False,5.960464477539063e-08
hybrid-r3,serving,10,batch4_contiguous,0.064831,ok,compiled_cache,0,False,5.960464477539063e-08
hybrid-r3,serving,10,batch2_strided,0.062819,ok,compiled_cache,0,False,5.960464477539063e-08
hybrid-r3,serving,10,batch3_strided_late,0.049389,ok,eager_fallback,0,True,0.0
hybrid-r3,serving,11,batch0_contiguous,0.04785,ok,compiled_cache,0,False,0.0
hybrid-r3,serving,11,batch1_contiguous,0.117788,ok,compiled_cache,0,False,1.4901161193847656e-08
hybrid-r3,serving,11,batch2_contiguous,0.06846,ok,compiled_cache,0,False,5.960464477539063e-08
hybrid-r3,serving,11,batch4_contiguous,0.061908,ok,compiled_cache,0,False,5.960464477539063e-08
hybrid-r3,serving,11,batch2_strided,0.066809,ok,compiled_cache,0,False,5.960464477539063e-08
hybrid-r3,serving,11,batch3_strided_late,0.052879,ok,eager_fallback,0,True,0.0
hybrid-r3,serving,12,batch0_contiguous,0.046979,ok,compiled_cache,0,False,0.0
hybrid-r3,serving,12,batch1_contiguous,0.059609,ok,compiled_cache,0,False,1.4901161193847656e-08
hybrid-r3,serving,12,batch2_contiguous,0.064289,ok,compiled_cache,0,False,5.960464477539063e-08
hybrid-r3,serving,12,batch4_contiguous,0.064799,ok,compiled_cache,0,False,5.960464477539063e-08
hybrid-r3,serving,12,batch2_strided,0.065709,ok,compiled_cache,0,False,5.960464477539063e-08
hybrid-r3,serving,12,batch3_strided_late,0.061659,ok,eager_fallback,0,True,0.0
hybrid-r3,serving,13,batch0_contiguous,0.056429,ok,compiled_cache,0,False,0.0
hybrid-r3,serving,13,batch1_contiguous,0.063289,ok,compiled_cache,0,False,1.4901161193847656e-08
hybrid-r3,serving,13,batch2_contiguous,0.063219,ok,compiled_cache,0,False,5.960464477539063e-08
hybrid-r3,serving,13,batch4_contiguous,0.06282,ok,compiled_cache,0,False,5.960464477539063e-08
hybrid-r3,serving,13,batch2_strided,0.076319,ok,compiled_cache,0,False,5.960464477539063e-08
hybrid-r3,serving,13,batch3_strided_late,0.0508,ok,eager_fallback,0,True,0.0
hybrid-r3,serving,14,batch0_contiguous,0.04676,ok,compiled_cache,0,False,0.0
hybrid-r3,serving,14,batch1_contiguous,0.06038,ok,compiled_cache,0,False,1.4901161193847656e-08
hybrid-r3,serving,14,batch2_contiguous,0.065349,ok,compiled_cache,0,False,5.960464477539063e-08
hybrid-r3,serving,14,batch4_contiguous,0.064379,ok,compiled_cache,0,False,5.960464477539063e-08
hybrid-r3,serving,14,batch2_strided,0.066159,ok,compiled_cache,0,False,5.960464477539063e-08
hybrid-r3,serving,14,batch3_strided_late,0.063449,ok,eager_fallback,0,True,0.0
hybrid-r3,serving,15,batch0_contiguous,0.04879,ok,compiled_cache,0,False,0.0
hybrid-r3,serving,15,batch1_contiguous,0.0627,ok,compiled_cache,0,False,1.4901161193847656e-08
hybrid-r3,serving,15,batch2_contiguous,0.062439,ok,compiled_cache,0,False,5.960464477539063e-08
hybrid-r3,serving,15,batch4_contiguous,0.074819,ok,compiled_cache,0,False,5.960464477539063e-08
hybrid-r3,serving,15,batch2_strided,0.074619,ok,compiled_cache,0,False,5.960464477539063e-08
hybrid-r3,serving,15,batch3_strided_late,0.05099,ok,eager_fallback,0,True,0.0
hybrid-r3,serving,16,batch0_contiguous,0.045329,ok,compiled_cache,0,False,0.0
hybrid-r3,serving,16,batch1_contiguous,0.058759,ok,compiled_cache,0,False,1.4901161193847656e-08
hybrid-r3,serving,16,batch2_contiguous,0.071259,ok,compiled_cache,0,False,5.960464477539063e-08
hybrid-r3,serving,16,batch4_contiguous,0.060889,ok,compiled_cache,0,False,5.960464477539063e-08
hybrid-r3,serving,16,batch2_strided,0.063959,ok,compiled_cache,0,False,5.960464477539063e-08
hybrid-r3,serving,16,batch3_strided_late,0.054488,ok,eager_fallback,0,True,0.0
hybrid-r3,serving,17,batch0_contiguous,0.047909,ok,compiled_cache,0,False,0.0
hybrid-r3,serving,17,batch1_contiguous,0.060269,ok,compiled_cache,0,False,1.4901161193847656e-08
hybrid-r3,serving,17,batch2_contiguous,0.061119,ok,compiled_cache,0,False,5.960464477539063e-08
hybrid-r3,serving,17,batch4_contiguous,0.071019,ok,compiled_cache,0,False,5.960464477539063e-08
hybrid-r3,serving,17,batch2_strided,0.066969,ok,compiled_cache,0,False,5.960464477539063e-08
hybrid-r3,serving,17,batch3_strided_late,0.05069,ok,eager_fallback,0,True,0.0
hybrid-r3,serving,18,batch0_contiguous,0.045199,ok,compiled_cache,0,False,0.0
hybrid-r3,serving,18,batch1_contiguous,0.060029,ok,compiled_cache,0,False,1.4901161193847656e-08
hybrid-r3,serving,18,batch2_contiguous,0.073999,ok,compiled_cache,0,False,5.960464477539063e-08
hybrid-r3,serving,18,batch4_contiguous,0.068329,ok,compiled_cache,0,False,5.960464477539063e-08
hybrid-r3,serving,18,batch2_strided,0.065169,ok,compiled_cache,0,False,5.960464477539063e-08
hybrid-r3,serving,18,batch3_strided_late,0.052439,ok,eager_fallback,0,True,0.0
hybrid-r3,serving,19,batch0_contiguous,0.04903,ok,compiled_cache,0,False,0.0
hybrid-r3,serving,19,batch1_contiguous,0.06273,ok,compiled_cache,0,False,1.4901161193847656e-08
hybrid-r3,serving,19,batch2_contiguous,0.066659,ok,compiled_cache,0,False,5.960464477539063e-08
hybrid-r3,serving,19,batch4_contiguous,0.071519,ok,compiled_cache,0,False,5.960464477539063e-08
hybrid-r3,serving,19,batch2_strided,0.077059,ok,compiled_cache,0,False,5.960464477539063e-08
hybrid-r3,serving,19,batch3_strided_late,0.050289,ok,eager_fallback,0,True,0.0
hybrid-r3,serving,20,batch0_contiguous,0.04731,ok,compiled_cache,0,False,0.0
hybrid-r3,serving,20,batch1_contiguous,0.060619,ok,compiled_cache,0,False,1.4901161193847656e-08
hybrid-r3,serving,20,batch2_contiguous,0.075729,ok,compiled_cache,0,False,5.960464477539063e-08
hybrid-r3,serving,20,batch4_contiguous,0.061509,ok,compiled_cache,0,False,5.960464477539063e-08
hybrid-r3,serving,20,batch2_strided,0.063819,ok,compiled_cache,0,False,5.960464477539063e-08
hybrid-r3,serving,20,batch3_strided_late,0.06108,ok,eager_fallback,0,True,0.0
hybrid-r3,serving,21,batch0_contiguous,0.04723,ok,compiled_cache,0,False,0.0
hybrid-r3,serving,21,batch1_contiguous,0.064249,ok,compiled_cache,0,False,1.4901161193847656e-08
hybrid-r3,serving,21,batch2_contiguous,0.062168,ok,compiled_cache,0,False,5.960464477539063e-08
hybrid-r3,serving,21,batch4_contiguous,0.106059,ok,compiled_cache,0,False,5.960464477539063e-08
hybrid-r3,serving,21,batch2_strided,0.077279,ok,compiled_cache,0,False,5.960464477539063e-08
hybrid-r3,serving,21,batch3_strided_late,0.05092,ok,eager_fallback,0,True,0.0
hybrid-r3,serving,22,batch0_contiguous,0.051099,ok,compiled_cache,0,False,0.0
hybrid-r3,serving,22,batch1_contiguous,0.060889,ok,compiled_cache,0,False,1.4901161193847656e-08
hybrid-r3,serving,22,batch2_contiguous,0.073019,ok,compiled_cache,0,False,5.960464477539063e-08
hybrid-r3,serving,22,batch4_contiguous,0.061238,ok,compiled_cache,0,False,5.960464477539063e-08
hybrid-r3,serving,22,batch2_strided,0.064519,ok,compiled_cache,0,False,5.960464477539063e-08
hybrid-r3,serving,22,batch3_strided_late,0.06159,ok,eager_fallback,0,True,0.0
hybrid-r3,serving,23,batch0_contiguous,0.050099,ok,compiled_cache,0,False,0.0
hybrid-r3,serving,23,batch1_contiguous,0.061879,ok,compiled_cache,0,False,1.4901161193847656e-08
hybrid-r3,serving,23,batch2_contiguous,0.060288,ok,compiled_cache,0,False,5.960464477539063e-08
hybrid-r3,serving,23,batch4_contiguous,0.06095,ok,compiled_cache,0,False,5.960464477539063e-08
hybrid-r3,serving,23,batch2_strided,0.075029,ok,compiled_cache,0,False,5.960464477539063e-08
hybrid-r3,serving,23,batch3_strided_late,0.049349,ok,eager_fallback,0,True,0.0
hybrid-r3,serving,24,batch0_contiguous,0.049429,ok,compiled_cache,0,False,0.0
hybrid-r3,serving,24,batch1_contiguous,0.060309,ok,compiled_cache,0,False,1.4901161193847656e-08
hybrid-r3,serving,24,batch2_contiguous,0.06428,ok,compiled_cache,0,False,5.960464477539063e-08
hybrid-r3,serving,24,batch4_contiguous,0.077519,ok,compiled_cache,0,False,5.960464477539063e-08
hybrid-r3,serving,24,batch2_strided,0.070219,ok,compiled_cache,0,False,5.960464477539063e-08
hybrid-r3,serving,24,batch3_strided_late,0.065529,ok,eager_fallback,0,True,0.0
hybrid-r3,serving,25,batch0_contiguous,0.049019,ok,compiled_cache,0,False,0.0
hybrid-r3,serving,25,batch1_contiguous,0.065339,ok,compiled_cache,0,False,1.4901161193847656e-08
hybrid-r3,serving,25,batch2_contiguous,0.063879,ok,compiled_cache,0,False,5.960464477539063e-08
hybrid-r3,serving,25,batch4_contiguous,0.07623,ok,compiled_cache,0,False,5.960464477539063e-08
hybrid-r3,serving,25,batch2_strided,0.070848,ok,compiled_cache,0,False,5.960464477539063e-08
hybrid-r3,serving,25,batch3_strided_late,0.051149,ok,eager_fallback,0,True,0.0
hybrid-r3,serving,26,batch0_contiguous,0.046989,ok,compiled_cache,0,False,0.0
hybrid-r3,serving,26,batch1_contiguous,0.060149,ok,compiled_cache,0,False,1.4901161193847656e-08
hybrid-r3,serving,26,batch2_contiguous,0.076889,ok,compiled_cache,0,False,5.960464477539063e-08
hybrid-r3,serving,26,batch4_contiguous,0.06314,ok,compiled_cache,0,False,5.960464477539063e-08
hybrid-r3,serving,26,batch2_strided,0.064848,ok,compiled_cache,0,False,5.960464477539063e-08
hybrid-r3,serving,26,batch3_strided_late,0.05178,ok,eager_fallback,0,True,0.0
hybrid-r3,serving,27,batch0_contiguous,0.0527,ok,compiled_cache,0,False,0.0
hybrid-r3,serving,27,batch1_contiguous,0.062389,ok,compiled_cache,0,False,1.4901161193847656e-08
hybrid-r3,serving,27,batch2_contiguous,0.064319,ok,compiled_cache,0,False,5.960464477539063e-08
hybrid-r3,serving,27,batch4_contiguous,0.076939,ok,compiled_cache,0,False,5.960464477539063e-08
hybrid-r3,serving,27,batch2_strided,0.068379,ok,compiled_cache,0,False,5.960464477539063e-08
hybrid-r3,serving,27,batch3_strided_late,0.054199,ok,eager_fallback,0,True,0.0
hybrid-r3,serving,28,batch0_contiguous,0.045619,ok,compiled_cache,0,False,0.0
hybrid-r3,serving,28,batch1_contiguous,0.076439,ok,compiled_cache,0,False,1.4901161193847656e-08
hybrid-r3,serving,28,batch2_contiguous,0.065849,ok,compiled_cache,0,False,5.960464477539063e-08
hybrid-r3,serving,28,batch4_contiguous,0.065849,ok,compiled_cache,0,False,5.960464477539063e-08
hybrid-r3,serving,28,batch2_strided,0.06402,ok,compiled_cache,0,False,5.960464477539063e-08
hybrid-r3,serving,28,batch3_strided_late,0.051879,ok,eager_fallback,0,True,0.0
hybrid-r3,serving,29,batch0_contiguous,0.048479,ok,compiled_cache,0,False,0.0
hybrid-r3,serving,29,batch1_contiguous,0.061949,ok,compiled_cache,0,False,1.4901161193847656e-08
hybrid-r3,serving,29,batch2_contiguous,0.0664,ok,compiled_cache,0,False,5.960464477539063e-08
hybrid-r3,serving,29,batch4_contiguous,0.062789,ok,compiled_cache,0,False,5.960464477539063e-08
hybrid-r3,serving,29,batch2_strided,0.06809,ok,compiled_cache,0,False,5.960464477539063e-08
hybrid-r3,serving,29,batch3_strided_late,0.050348,ok,eager_fallback,0,True,0.0
hybrid-r3,serving,30,batch0_contiguous,0.049879,ok,compiled_cache,0,False,0.0
hybrid-r3,serving,30,batch1_contiguous,0.063319,ok,compiled_cache,0,False,1.4901161193847656e-08
hybrid-r3,serving,30,batch2_contiguous,0.06593,ok,compiled_cache,0,False,5.960464477539063e-08
hybrid-r3,serving,30,batch4_contiguous,0.066099,ok,compiled_cache,0,False,5.960464477539063e-08
hybrid-r3,serving,30,batch2_strided,0.065739,ok,compiled_cache,0,False,5.960464477539063e-08
hybrid-r3,serving,30,batch3_strided_late,0.05549,ok,eager_fallback,0,True,0.0
hybrid-r3,serving,31,batch0_contiguous,0.048159,ok,compiled_cache,0,False,0.0
hybrid-r3,serving,31,batch1_contiguous,0.061299,ok,compiled_cache,0,False,1.4901161193847656e-08
hybrid-r3,serving,31,batch2_contiguous,0.061389,ok,compiled_cache,0,False,5.960464477539063e-08
hybrid-r3,serving,31,batch4_contiguous,0.067379,ok,compiled_cache,0,False,5.960464477539063e-08
hybrid-r3,serving,31,batch2_strided,0.072929,ok,compiled_cache,0,False,5.960464477539063e-08
hybrid-r3,serving,31,batch3_strided_late,0.05065,ok,eager_fallback,0,True,0.0
hybrid-r3,serving,32,batch0_contiguous,0.070208,ok,compiled_cache,0,False,0.0
hybrid-r3,serving,32,batch1_contiguous,0.06405,ok,compiled_cache,0,False,1.4901161193847656e-08
hybrid-r3,serving,32,batch2_contiguous,0.067819,ok,compiled_cache,0,False,5.960464477539063e-08
hybrid-r3,serving,32,batch4_contiguous,0.060439,ok,compiled_cache,0,False,5.960464477539063e-08
hybrid-r3,serving,32,batch2_strided,0.077999,ok,compiled_cache,0,False,5.960464477539063e-08
hybrid-r3,serving,32,batch3_strided_late,0.053239,ok,eager_fallback,0,True,0.0
hybrid-r3,serving,33,batch0_contiguous,0.046229,ok,compiled_cache,0,False,0.0
hybrid-r3,serving,33,batch1_contiguous,0.063468,ok,compiled_cache,0,False,1.4901161193847656e-08
hybrid-r3,serving,33,batch2_contiguous,0.060399,ok,compiled_cache,0,False,5.960464477539063e-08
hybrid-r3,serving,33,batch4_contiguous,0.074869,ok,compiled_cache,0,False,5.960464477539063e-08
hybrid-r3,serving,33,batch2_strided,0.067689,ok,compiled_cache,0,False,5.960464477539063e-08
hybrid-r3,serving,33,batch3_strided_late,0.04946,ok,eager_fallback,0,True,0.0
hybrid-r3,serving,34,batch0_contiguous,0.060369,ok,compiled_cache,0,False,0.0
hybrid-r3,serving,34,batch1_contiguous,0.061509,ok,compiled_cache,0,False,1.4901161193847656e-08
hybrid-r3,serving,34,batch2_contiguous,0.06237,ok,compiled_cache,0,False,5.960464477539063e-08
hybrid-r3,serving,34,batch4_contiguous,0.060239,ok,compiled_cache,0,False,5.960464477539063e-08
hybrid-r3,serving,34,batch2_strided,0.081239,ok,compiled_cache,0,False,5.960464477539063e-08
hybrid-r3,serving,34,batch3_strided_late,0.052959,ok,eager_fallback,0,True,0.0
hybrid-r3,serving,35,batch0_contiguous,0.046709,ok,compiled_cache,0,False,0.0
hybrid-r3,serving,35,batch1_contiguous,0.059439,ok,compiled_cache,0,False,1.4901161193847656e-08
hybrid-r3,serving,35,batch2_contiguous,0.063319,ok,compiled_cache,0,False,5.960464477539063e-08
hybrid-r3,serving,35,batch4_contiguous,0.07033,ok,compiled_cache,0,False,5.960464477539063e-08
hybrid-r3,serving,35,batch2_strided,0.064929,ok,compiled_cache,0,False,5.960464477539063e-08
hybrid-r3,serving,35,batch3_strided_late,0.048049,ok,eager_fallback,0,True,0.0
hybrid-r3,serving,36,batch0_contiguous,0.044069,ok,compiled_cache,0,False,0.0
hybrid-r3,serving,36,batch1_contiguous,0.063849,ok,compiled_cache,0,False,1.4901161193847656e-08
hybrid-r3,serving,36,batch2_contiguous,0.062959,ok,compiled_cache,0,False,5.960464477539063e-08
hybrid-r3,serving,36,batch4_contiguous,0.063019,ok,compiled_cache,0,False,5.960464477539063e-08
hybrid-r3,serving,36,batch2_strided,0.063049,ok,compiled_cache,0,False,5.960464477539063e-08
hybrid-r3,serving,36,batch3_strided_late,0.05983,ok,eager_fallback,0,True,0.0
hybrid-r3,serving,37,batch0_contiguous,0.05015,ok,compiled_cache,0,False,0.0
hybrid-r3,serving,37,batch1_contiguous,0.05985,ok,compiled_cache,0,False,1.4901161193847656e-08
hybrid-r3,serving,37,batch2_contiguous,0.060979,ok,compiled_cache,0,False,5.960464477539063e-08
hybrid-r3,serving,37,batch4_contiguous,0.061919,ok,compiled_cache,0,False,5.960464477539063e-08
hybrid-r3,serving,37,batch2_strided,0.06873,ok,compiled_cache,0,False,5.960464477539063e-08
hybrid-r3,serving,37,batch3_strided_late,0.04924,ok,eager_fallback,0,True,0.0
hybrid-r3,serving,38,batch0_contiguous,0.04481,ok,compiled_cache,0,False,0.0
hybrid-r3,serving,38,batch1_contiguous,0.06042,ok,compiled_cache,0,False,1.4901161193847656e-08
hybrid-r3,serving,38,batch2_contiguous,0.066879,ok,compiled_cache,0,False,5.960464477539063e-08
hybrid-r3,serving,38,batch4_contiguous,0.059639,ok,compiled_cache,0,False,5.960464477539063e-08
hybrid-r3,serving,38,batch2_strided,0.06315,ok,compiled_cache,0,False,5.960464477539063e-08
hybrid-r3,serving,38,batch3_strided_late,0.052548,ok,eager_fallback,0,True,0.0
hybrid-r3,serving,39,batch0_contiguous,0.048329,ok,compiled_cache,0,False,0.0
hybrid-r3,serving,39,batch1_contiguous,0.064959,ok,compiled_cache,0,False,1.4901161193847656e-08
hybrid-r3,serving,39,batch2_contiguous,0.062009,ok,compiled_cache,0,False,5.960464477539063e-08
hybrid-r3,serving,39,batch4_contiguous,0.068939,ok,compiled_cache,0,False,5.960464477539063e-08
hybrid-r3,serving,39,batch2_strided,0.067318,ok,compiled_cache,0,False,5.960464477539063e-08
hybrid-r3,serving,39,batch3_strided_late,0.050349,ok,eager_fallback,0,True,0.0
hybrid-r3,serving,40,batch0_contiguous,0.047719,ok,compiled_cache,0,False,0.0
hybrid-r3,serving,40,batch1_contiguous,0.06127,ok,compiled_cache,0,False,1.4901161193847656e-08
hybrid-r3,serving,40,batch2_contiguous,0.065159,ok,compiled_cache,0,False,5.960464477539063e-08
hybrid-r3,serving,40,batch4_contiguous,0.064709,ok,compiled_cache,0,False,5.960464477539063e-08
hybrid-r3,serving,40,batch2_strided,0.06636,ok,compiled_cache,0,False,5.960464477539063e-08
hybrid-r3,serving,40,batch3_strided_late,0.051199,ok,eager_fallback,0,True,0.0
hybrid-r3,serving,41,batch0_contiguous,0.048108,ok,compiled_cache,0,False,0.0
hybrid-r3,serving,41,batch1_contiguous,0.059449,ok,compiled_cache,0,False,1.4901161193847656e-08
hybrid-r3,serving,41,batch2_contiguous,0.060189,ok,compiled_cache,0,False,5.960464477539063e-08
hybrid-r3,serving,41,batch4_contiguous,0.06531,ok,compiled_cache,0,False,5.960464477539063e-08
hybrid-r3,serving,41,batch2_strided,0.066379,ok,compiled_cache,0,False,5.960464477539063e-08
hybrid-r3,serving,41,batch3_strided_late,0.049029,ok,eager_fallback,0,True,0.0
hybrid-r3,serving,42,batch0_contiguous,0.045059,ok,compiled_cache,0,False,0.0
hybrid-r3,serving,42,batch1_contiguous,0.07021,ok,compiled_cache,0,False,1.4901161193847656e-08
hybrid-r3,serving,42,batch2_contiguous,0.090059,ok,compiled_cache,0,False,5.960464477539063e-08
hybrid-r3,serving,42,batch4_contiguous,0.066749,ok,compiled_cache,0,False,5.960464477539063e-08
hybrid-r3,serving,42,batch2_strided,0.064869,ok,compiled_cache,0,False,5.960464477539063e-08
hybrid-r3,serving,42,batch3_strided_late,0.052089,ok,eager_fallback,0,True,0.0
hybrid-r3,serving,43,batch0_contiguous,0.0533,ok,compiled_cache,0,False,0.0
hybrid-r3,serving,43,batch1_contiguous,0.061189,ok,compiled_cache,0,False,1.4901161193847656e-08
hybrid-r3,serving,43,batch2_contiguous,0.063869,ok,compiled_cache,0,False,5.960464477539063e-08
hybrid-r3,serving,43,batch4_contiguous,0.064979,ok,compiled_cache,0,False,5.960464477539063e-08
hybrid-r3,serving,43,batch2_strided,0.070839,ok,compiled_cache,0,False,5.960464477539063e-08
hybrid-r3,serving,43,batch3_strided_late,0.050149,ok,eager_fallback,0,True,0.0
hybrid-r3,serving,44,batch0_contiguous,0.045509,ok,compiled_cache,0,False,0.0
hybrid-r3,serving,44,batch1_contiguous,0.061319,ok,compiled_cache,0,False,1.4901161193847656e-08
hybrid-r3,serving,44,batch2_contiguous,0.061979,ok,compiled_cache,0,False,5.960464477539063e-08
hybrid-r3,serving,44,batch4_contiguous,0.064269,ok,compiled_cache,0,False,5.960464477539063e-08
hybrid-r3,serving,44,batch2_strided,0.063149,ok,compiled_cache,0,False,5.960464477539063e-08
hybrid-r3,serving,44,batch3_strided_late,0.051629,ok,eager_fallback,0,True,0.0
hybrid-r3,serving,45,batch0_contiguous,0.046959,ok,compiled_cache,0,False,0.0
hybrid-r3,serving,45,batch1_contiguous,0.064179,ok,compiled_cache,0,False,1.4901161193847656e-08
hybrid-r3,serving,45,batch2_contiguous,0.060368,ok,compiled_cache,0,False,5.960464477539063e-08
hybrid-r3,serving,45,batch4_contiguous,0.06649,ok,compiled_cache,0,False,5.960464477539063e-08
hybrid-r3,serving,45,batch2_strided,0.065579,ok,compiled_cache,0,False,5.960464477539063e-08
hybrid-r3,serving,45,batch3_strided_late,0.05339,ok,eager_fallback,0,True,0.0
hybrid-r3,serving,46,batch0_contiguous,0.04694,ok,compiled_cache,0,False,0.0
hybrid-r3,serving,46,batch1_contiguous,0.060899,ok,compiled_cache,0,False,1.4901161193847656e-08
hybrid-r3,serving,46,batch2_contiguous,0.063699,ok,compiled_cache,0,False,5.960464477539063e-08
hybrid-r3,serving,46,batch4_contiguous,0.060099,ok,compiled_cache,0,False,5.960464477539063e-08
hybrid-r3,serving,46,batch2_strided,0.06781,ok,compiled_cache,0,False,5.960464477539063e-08
hybrid-r3,serving,46,batch3_strided_late,0.059709,ok,eager_fallback,0,True,0.0
hybrid-r3,serving,47,batch0_contiguous,0.046229,ok,compiled_cache,0,False,0.0
hybrid-r3,serving,47,batch1_contiguous,0.059659,ok,compiled_cache,0,False,1.4901161193847656e-08
hybrid-r3,serving,47,batch2_contiguous,0.061169,ok,compiled_cache,0,False,5.960464477539063e-08
hybrid-r3,serving,47,batch4_contiguous,0.06549,ok,compiled_cache,0,False,5.960464477539063e-08
hybrid-r3,serving,47,batch2_strided,0.066489,ok,compiled_cache,0,False,5.960464477539063e-08
hybrid-r3,serving,47,batch3_strided_late,0.04866,ok,eager_fallback,0,True,0.0
hybrid-r3,serving,48,batch0_contiguous,0.04475,ok,compiled_cache,0,False,0.0
hybrid-r3,serving,48,batch1_contiguous,0.065149,ok,compiled_cache,0,False,1.4901161193847656e-08
hybrid-r3,serving,48,batch2_contiguous,0.071319,ok,compiled_cache,0,False,5.960464477539063e-08
hybrid-r3,serving,48,batch4_contiguous,0.065939,ok,compiled_cache,0,False,5.960464477539063e-08
hybrid-r3,serving,48,batch2_strided,0.076779,ok,compiled_cache,0,False,5.960464477539063e-08
hybrid-r3,serving,48,batch3_strided_late,0.052989,ok,eager_fallback,0,True,0.0
hybrid-r3,serving,49,batch0_contiguous,0.050109,ok,compiled_cache,0,False,0.0
hybrid-r3,serving,49,batch1_contiguous,0.060099,ok,compiled_cache,0,False,1.4901161193847656e-08
hybrid-r3,serving,49,batch2_contiguous,0.064739,ok,compiled_cache,0,False,5.960464477539063e-08
hybrid-r3,serving,49,batch4_contiguous,0.071409,ok,compiled_cache,0,False,5.960464477539063e-08
hybrid-r3,serving,49,batch2_strided,0.064719,ok,compiled_cache,0,False,5.960464477539063e-08
hybrid-r3,serving,49,batch3_strided_late,0.054789,ok,eager_fallback,0,True,0.0
strict-r1,warmup,,batch0_contiguous,859.385057,ok,compiled_new_variant,1,False,0.0
strict-r1,warmup,,batch1_contiguous,412.338192,ok,compiled_new_variant,1,False,1.4901161193847656e-08
strict-r1,warmup,,batch2_contiguous,142.536661,ok,compiled_new_variant,1,False,5.960464477539063e-08
strict-r1,warmup,,batch4_contiguous,85.931756,ok,compiled_new_variant,1,False,5.960464477539063e-08
strict-r1,warmup,,batch2_strided,136.205305,ok,compiled_new_variant,1,False,5.960464477539063e-08
strict-r1,serving,0,batch0_contiguous,0.130918,ok,compiled_cache,0,False,0.0
strict-r1,serving,0,batch1_contiguous,0.114689,ok,compiled_cache,0,False,1.4901161193847656e-08
strict-r1,serving,0,batch2_contiguous,0.095369,ok,compiled_cache,0,False,5.960464477539063e-08
strict-r1,serving,0,batch4_contiguous,0.093509,ok,compiled_cache,0,False,5.960464477539063e-08
strict-r1,serving,0,batch2_strided,0.081919,ok,compiled_cache,0,False,5.960464477539063e-08
strict-r1,serving,0,batch3_strided_late,0.345566,rejected,strict_rejection,0,False,
strict-r1,serving,1,batch0_contiguous,0.078149,ok,compiled_cache,0,False,0.0
strict-r1,serving,1,batch1_contiguous,0.081469,ok,compiled_cache,0,False,1.4901161193847656e-08
strict-r1,serving,1,batch2_contiguous,0.075529,ok,compiled_cache,0,False,5.960464477539063e-08
strict-r1,serving,1,batch4_contiguous,0.072609,ok,compiled_cache,0,False,5.960464477539063e-08
strict-r1,serving,1,batch2_strided,0.073468,ok,compiled_cache,0,False,5.960464477539063e-08
strict-r1,serving,1,batch3_strided_late,0.167778,rejected,strict_rejection,0,False,
strict-r1,serving,2,batch0_contiguous,0.056109,ok,compiled_cache,0,False,0.0
strict-r1,serving,2,batch1_contiguous,0.072079,ok,compiled_cache,0,False,1.4901161193847656e-08
strict-r1,serving,2,batch2_contiguous,0.072399,ok,compiled_cache,0,False,5.960464477539063e-08
strict-r1,serving,2,batch4_contiguous,0.067339,ok,compiled_cache,0,False,5.960464477539063e-08
strict-r1,serving,2,batch2_strided,0.069899,ok,compiled_cache,0,False,5.960464477539063e-08
strict-r1,serving,2,batch3_strided_late,0.166118,rejected,strict_rejection,0,False,
strict-r1,serving,3,batch0_contiguous,0.05656,ok,compiled_cache,0,False,0.0
strict-r1,serving,3,batch1_contiguous,0.070299,ok,compiled_cache,0,False,1.4901161193847656e-08
strict-r1,serving,3,batch2_contiguous,0.068029,ok,compiled_cache,0,False,5.960464477539063e-08
strict-r1,serving,3,batch4_contiguous,0.080499,ok,compiled_cache,0,False,5.960464477539063e-08
strict-r1,serving,3,batch2_strided,0.073099,ok,compiled_cache,0,False,5.960464477539063e-08
strict-r1,serving,3,batch3_strided_late,0.150428,rejected,strict_rejection,0,False,
strict-r1,serving,4,batch0_contiguous,0.055359,ok,compiled_cache,0,False,0.0
strict-r1,serving,4,batch1_contiguous,0.077929,ok,compiled_cache,0,False,1.4901161193847656e-08
strict-r1,serving,4,batch2_contiguous,0.069309,ok,compiled_cache,0,False,5.960464477539063e-08
strict-r1,serving,4,batch4_contiguous,0.064349,ok,compiled_cache,0,False,5.960464477539063e-08
strict-r1,serving,4,batch2_strided,0.070089,ok,compiled_cache,0,False,5.960464477539063e-08
strict-r1,serving,4,batch3_strided_late,0.149627,rejected,strict_rejection,0,False,
strict-r1,serving,5,batch0_contiguous,0.053779,ok,compiled_cache,0,False,0.0
strict-r1,serving,5,batch1_contiguous,0.067889,ok,compiled_cache,0,False,1.4901161193847656e-08
strict-r1,serving,5,batch2_contiguous,0.081259,ok,compiled_cache,0,False,5.960464477539063e-08
strict-r1,serving,5,batch4_contiguous,0.066099,ok,compiled_cache,0,False,5.960464477539063e-08
strict-r1,serving,5,batch2_strided,0.067899,ok,compiled_cache,0,False,5.960464477539063e-08
strict-r1,serving,5,batch3_strided_late,0.147098,rejected,strict_rejection,0,False,
strict-r1,serving,6,batch0_contiguous,0.052628,ok,compiled_cache,0,False,0.0
strict-r1,serving,6,batch1_contiguous,0.069579,ok,compiled_cache,0,False,1.4901161193847656e-08
strict-r1,serving,6,batch2_contiguous,0.067669,ok,compiled_cache,0,False,5.960464477539063e-08
strict-r1,serving,6,batch4_contiguous,0.063099,ok,compiled_cache,0,False,5.960464477539063e-08
strict-r1,serving,6,batch2_strided,0.070139,ok,compiled_cache,0,False,5.960464477539063e-08
strict-r1,serving,6,batch3_strided_late,0.148909,rejected,strict_rejection,0,False,
strict-r1,serving,7,batch0_contiguous,0.133579,ok,compiled_cache,0,False,0.0
strict-r1,serving,7,batch1_contiguous,0.069139,ok,compiled_cache,0,False,1.4901161193847656e-08
strict-r1,serving,7,batch2_contiguous,0.070689,ok,compiled_cache,0,False,5.960464477539063e-08
strict-r1,serving,7,batch4_contiguous,0.068509,ok,compiled_cache,0,False,5.960464477539063e-08
strict-r1,serving,7,batch2_strided,0.068469,ok,compiled_cache,0,False,5.960464477539063e-08
strict-r1,serving,7,batch3_strided_late,0.165898,rejected,strict_rejection,0,False,
strict-r1,serving,8,batch0_contiguous,0.057839,ok,compiled_cache,0,False,0.0
strict-r1,serving,8,batch1_contiguous,0.068309,ok,compiled_cache,0,False,1.4901161193847656e-08
strict-r1,serving,8,batch2_contiguous,0.065709,ok,compiled_cache,0,False,5.960464477539063e-08
strict-r1,serving,8,batch4_contiguous,0.075669,ok,compiled_cache,0,False,5.960464477539063e-08
strict-r1,serving,8,batch2_strided,0.07119,ok,compiled_cache,0,False,5.960464477539063e-08
strict-r1,serving,8,batch3_strided_late,0.146088,rejected,strict_rejection,0,False,
strict-r1,serving,9,batch0_contiguous,0.05213,ok,compiled_cache,0,False,0.0
strict-r1,serving,9,batch1_contiguous,0.076879,ok,compiled_cache,0,False,1.4901161193847656e-08
strict-r1,serving,9,batch2_contiguous,0.078429,ok,compiled_cache,0,False,5.960464477539063e-08
strict-r1,serving,9,batch4_contiguous,0.064169,ok,compiled_cache,0,False,5.960464477539063e-08
strict-r1,serving,9,batch2_strided,0.066039,ok,compiled_cache,0,False,5.960464477539063e-08
strict-r1,serving,9,batch3_strided_late,0.147698,rejected,strict_rejection,0,False,
strict-r1,serving,10,batch0_contiguous,0.053891,ok,compiled_cache,0,False,0.0
strict-r1,serving,10,batch1_contiguous,0.069119,ok,compiled_cache,0,False,1.4901161193847656e-08
strict-r1,serving,10,batch2_contiguous,0.070839,ok,compiled_cache,0,False,5.960464477539063e-08
strict-r1,serving,10,batch4_contiguous,0.067289,ok,compiled_cache,0,False,5.960464477539063e-08
strict-r1,serving,10,batch2_strided,0.070019,ok,compiled_cache,0,False,5.960464477539063e-08
strict-r1,serving,10,batch3_strided_late,0.146618,rejected,strict_rejection,0,False,
strict-r1,serving,11,batch0_contiguous,0.051959,ok,compiled_cache,0,False,0.0
strict-r1,serving,11,batch1_contiguous,0.068128,ok,compiled_cache,0,False,1.4901161193847656e-08
strict-r1,serving,11,batch2_contiguous,0.069251,ok,compiled_cache,0,False,5.960464477539063e-08
strict-r1,serving,11,batch4_contiguous,0.063969,ok,compiled_cache,0,False,5.960464477539063e-08
strict-r1,serving,11,batch2_strided,0.067779,ok,compiled_cache,0,False,5.960464477539063e-08
strict-r1,serving,11,batch3_strided_late,0.150888,rejected,strict_rejection,0,False,
strict-r1,serving,12,batch0_contiguous,0.053459,ok,compiled_cache,0,False,0.0
strict-r1,serving,12,batch1_contiguous,0.06571,ok,compiled_cache,0,False,1.4901161193847656e-08
strict-r1,serving,12,batch2_contiguous,0.067111,ok,compiled_cache,0,False,5.960464477539063e-08
strict-r1,serving,12,batch4_contiguous,0.066479,ok,compiled_cache,0,False,5.960464477539063e-08
strict-r1,serving,12,batch2_strided,0.069139,ok,compiled_cache,0,False,5.960464477539063e-08
strict-r1,serving,12,batch3_strided_late,0.145618,rejected,strict_rejection,0,False,
strict-r1,serving,13,batch0_contiguous,0.050729,ok,compiled_cache,0,False,0.0
strict-r1,serving,13,batch1_contiguous,0.066528,ok,compiled_cache,0,False,1.4901161193847656e-08
strict-r1,serving,13,batch2_contiguous,0.066599,ok,compiled_cache,0,False,5.960464477539063e-08
strict-r1,serving,13,batch4_contiguous,0.064159,ok,compiled_cache,0,False,5.960464477539063e-08
strict-r1,serving,13,batch2_strided,0.077589,ok,compiled_cache,0,False,5.960464477539063e-08
strict-r1,serving,13,batch3_strided_late,0.145688,rejected,strict_rejection,0,False,
strict-r1,serving,14,batch0_contiguous,0.052599,ok,compiled_cache,0,False,0.0
strict-r1,serving,14,batch1_contiguous,0.067539,ok,compiled_cache,0,False,1.4901161193847656e-08
strict-r1,serving,14,batch2_contiguous,0.080919,ok,compiled_cache,0,False,5.960464477539063e-08
strict-r1,serving,14,batch4_contiguous,0.066378,ok,compiled_cache,0,False,5.960464477539063e-08
strict-r1,serving,14,batch2_strided,0.06765,ok,compiled_cache,0,False,5.960464477539063e-08
strict-r1,serving,14,batch3_strided_late,0.141428,rejected,strict_rejection,0,False,
strict-r1,serving,15,batch0_contiguous,0.053399,ok,compiled_cache,0,False,0.0
strict-r1,serving,15,batch1_contiguous,0.070379,ok,compiled_cache,0,False,1.4901161193847656e-08
strict-r1,serving,15,batch2_contiguous,0.065859,ok,compiled_cache,0,False,5.960464477539063e-08
strict-r1,serving,15,batch4_contiguous,0.064099,ok,compiled_cache,0,False,5.960464477539063e-08
strict-r1,serving,15,batch2_strided,0.06898,ok,compiled_cache,0,False,5.960464477539063e-08
strict-r1,serving,15,batch3_strided_late,0.145278,rejected,strict_rejection,0,False,
strict-r1,serving,16,batch0_contiguous,0.050789,ok,compiled_cache,0,False,0.0
strict-r1,serving,16,batch1_contiguous,0.065749,ok,compiled_cache,0,False,1.4901161193847656e-08
strict-r1,serving,16,batch2_contiguous,0.069499,ok,compiled_cache,0,False,5.960464477539063e-08
strict-r1,serving,16,batch4_contiguous,0.069079,ok,compiled_cache,0,False,5.960464477539063e-08
strict-r1,serving,16,batch2_strided,0.06812,ok,compiled_cache,0,False,5.960464477539063e-08
strict-r1,serving,16,batch3_strided_late,0.158508,rejected,strict_rejection,0,False,
strict-r1,serving,17,batch0_contiguous,0.064049,ok,compiled_cache,0,False,0.0
strict-r1,serving,17,batch1_contiguous,0.068489,ok,compiled_cache,0,False,1.4901161193847656e-08
strict-r1,serving,17,batch2_contiguous,0.066769,ok,compiled_cache,0,False,5.960464477539063e-08
strict-r1,serving,17,batch4_contiguous,0.062559,ok,compiled_cache,0,False,5.960464477539063e-08
strict-r1,serving,17,batch2_strided,0.078389,ok,compiled_cache,0,False,5.960464477539063e-08
strict-r1,serving,17,batch3_strided_late,0.144809,rejected,strict_rejection,0,False,
strict-r1,serving,18,batch0_contiguous,0.053759,ok,compiled_cache,0,False,0.0
strict-r1,serving,18,batch1_contiguous,0.067059,ok,compiled_cache,0,False,1.4901161193847656e-08
strict-r1,serving,18,batch2_contiguous,0.076019,ok,compiled_cache,0,False,5.960464477539063e-08
strict-r1,serving,18,batch4_contiguous,0.064659,ok,compiled_cache,0,False,5.960464477539063e-08
strict-r1,serving,18,batch2_strided,0.065879,ok,compiled_cache,0,False,5.960464477539063e-08
strict-r1,serving,18,batch3_strided_late,0.139999,rejected,strict_rejection,0,False,
strict-r1,serving,19,batch0_contiguous,0.05746,ok,compiled_cache,0,False,0.0
strict-r1,serving,19,batch1_contiguous,0.069419,ok,compiled_cache,0,False,1.4901161193847656e-08
strict-r1,serving,19,batch2_contiguous,0.065049,ok,compiled_cache,0,False,5.960464477539063e-08
strict-r1,serving,19,batch4_contiguous,0.065579,ok,compiled_cache,0,False,5.960464477539063e-08
strict-r1,serving,19,batch2_strided,0.073159,ok,compiled_cache,0,False,5.960464477539063e-08
strict-r1,serving,19,batch3_strided_late,0.142549,rejected,strict_rejection,0,False,
strict-r1,serving,20,batch0_contiguous,0.0536,ok,compiled_cache,0,False,0.0
strict-r1,serving,20,batch1_contiguous,0.081619,ok,compiled_cache,0,False,1.4901161193847656e-08
strict-r1,serving,20,batch2_contiguous,0.068299,ok,compiled_cache,0,False,5.960464477539063e-08
strict-r1,serving,20,batch4_contiguous,0.064269,ok,compiled_cache,0,False,5.960464477539063e-08
strict-r1,serving,20,batch2_strided,0.123287,ok,compiled_cache,0,False,5.960464477539063e-08
strict-r1,serving,20,batch3_strided_late,0.157618,rejected,strict_rejection,0,False,
strict-r1,serving,21,batch0_contiguous,0.0524,ok,compiled_cache,0,False,0.0
strict-r1,serving,21,batch1_contiguous,0.067739,ok,compiled_cache,0,False,1.4901161193847656e-08
strict-r1,serving,21,batch2_contiguous,0.066519,ok,compiled_cache,0,False,5.960464477539063e-08
strict-r1,serving,21,batch4_contiguous,0.075919,ok,compiled_cache,0,False,5.960464477539063e-08
strict-r1,serving,21,batch2_strided,0.06941,ok,compiled_cache,0,False,5.960464477539063e-08
strict-r1,serving,21,batch3_strided_late,0.143118,rejected,strict_rejection,0,False,
strict-r1,serving,22,batch0_contiguous,0.067579,ok,compiled_cache,0,False,0.0
strict-r1,serving,22,batch1_contiguous,0.076819,ok,compiled_cache,0,False,1.4901161193847656e-08
strict-r1,serving,22,batch2_contiguous,0.068609,ok,compiled_cache,0,False,5.960464477539063e-08
strict-r1,serving,22,batch4_contiguous,0.064329,ok,compiled_cache,0,False,5.960464477539063e-08
strict-r1,serving,22,batch2_strided,0.074219,ok,compiled_cache,0,False,5.960464477539063e-08
strict-r1,serving,22,batch3_strided_late,0.146269,rejected,strict_rejection,0,False,
strict-r1,serving,23,batch0_contiguous,0.053909,ok,compiled_cache,0,False,0.0
strict-r1,serving,23,batch1_contiguous,0.069139,ok,compiled_cache,0,False,1.4901161193847656e-08
strict-r1,serving,23,batch2_contiguous,0.073019,ok,compiled_cache,0,False,5.960464477539063e-08
strict-r1,serving,23,batch4_contiguous,0.06842,ok,compiled_cache,0,False,5.960464477539063e-08
strict-r1,serving,23,batch2_strided,0.067809,ok,compiled_cache,0,False,5.960464477539063e-08
strict-r1,serving,23,batch3_strided_late,0.153019,rejected,strict_rejection,0,False,
strict-r1,serving,24,batch0_contiguous,0.05244,ok,compiled_cache,0,False,0.0
strict-r1,serving,24,batch1_contiguous,0.067709,ok,compiled_cache,0,False,1.4901161193847656e-08
strict-r1,serving,24,batch2_contiguous,0.067219,ok,compiled_cache,0,False,5.960464477539063e-08
strict-r1,serving,24,batch4_contiguous,0.06901,ok,compiled_cache,0,False,5.960464477539063e-08
strict-r1,serving,24,batch2_strided,0.069549,ok,compiled_cache,0,False,5.960464477539063e-08
strict-r1,serving,24,batch3_strided_late,0.14575,rejected,strict_rejection,0,False,
strict-r1,serving,25,batch0_contiguous,0.056569,ok,compiled_cache,0,False,0.0
strict-r1,serving,25,batch1_contiguous,0.07001,ok,compiled_cache,0,False,1.4901161193847656e-08
strict-r1,serving,25,batch2_contiguous,0.071369,ok,compiled_cache,0,False,5.960464477539063e-08
strict-r1,serving,25,batch4_contiguous,0.068009,ok,compiled_cache,0,False,5.960464477539063e-08
strict-r1,serving,25,batch2_strided,0.072269,ok,compiled_cache,0,False,5.960464477539063e-08
strict-r1,serving,25,batch3_strided_late,0.162249,rejected,strict_rejection,0,False,
strict-r1,serving,26,batch0_contiguous,0.064588,ok,compiled_cache,0,False,0.0
strict-r1,serving,26,batch1_contiguous,0.067629,ok,compiled_cache,0,False,1.4901161193847656e-08
strict-r1,serving,26,batch2_contiguous,0.070279,ok,compiled_cache,0,False,5.960464477539063e-08
strict-r1,serving,26,batch4_contiguous,0.076859,ok,compiled_cache,0,False,5.960464477539063e-08
strict-r1,serving,26,batch2_strided,0.071719,ok,compiled_cache,0,False,5.960464477539063e-08
strict-r1,serving,26,batch3_strided_late,0.139818,rejected,strict_rejection,0,False,
strict-r1,serving,27,batch0_contiguous,0.054968,ok,compiled_cache,0,False,0.0
strict-r1,serving,27,batch1_contiguous,0.133909,ok,compiled_cache,0,False,1.4901161193847656e-08
strict-r1,serving,27,batch2_contiguous,0.072129,ok,compiled_cache,0,False,5.960464477539063e-08
strict-r1,serving,27,batch4_contiguous,0.065759,ok,compiled_cache,0,False,5.960464477539063e-08
strict-r1,serving,27,batch2_strided,0.0676,ok,compiled_cache,0,False,5.960464477539063e-08
strict-r1,serving,27,batch3_strided_late,0.155198,rejected,strict_rejection,0,False,
strict-r1,serving,28,batch0_contiguous,0.052679,ok,compiled_cache,0,False,0.0
strict-r1,serving,28,batch1_contiguous,0.070248,ok,compiled_cache,0,False,1.4901161193847656e-08
strict-r1,serving,28,batch2_contiguous,0.065909,ok,compiled_cache,0,False,5.960464477539063e-08
strict-r1,serving,28,batch4_contiguous,0.065259,ok,compiled_cache,0,False,5.960464477539063e-08
strict-r1,serving,28,batch2_strided,0.068919,ok,compiled_cache,0,False,5.960464477539063e-08
strict-r1,serving,28,batch3_strided_late,0.139718,rejected,strict_rejection,0,False,
strict-r1,serving,29,batch0_contiguous,0.055848,ok,compiled_cache,0,False,0.0
strict-r1,serving,29,batch1_contiguous,0.067968,ok,compiled_cache,0,False,1.4901161193847656e-08
strict-r1,serving,29,batch2_contiguous,0.069679,ok,compiled_cache,0,False,5.960464477539063e-08
strict-r1,serving,29,batch4_contiguous,0.069689,ok,compiled_cache,0,False,5.960464477539063e-08
strict-r1,serving,29,batch2_strided,0.080479,ok,compiled_cache,0,False,5.960464477539063e-08
strict-r1,serving,29,batch3_strided_late,0.144739,rejected,strict_rejection,0,False,
strict-r1,serving,30,batch0_contiguous,0.052089,ok,compiled_cache,0,False,0.0
strict-r1,serving,30,batch1_contiguous,0.069089,ok,compiled_cache,0,False,1.4901161193847656e-08
strict-r1,serving,30,batch2_contiguous,0.077359,ok,compiled_cache,0,False,5.960464477539063e-08
strict-r1,serving,30,batch4_contiguous,0.066359,ok,compiled_cache,0,False,5.960464477539063e-08
strict-r1,serving,30,batch2_strided,0.065739,ok,compiled_cache,0,False,5.960464477539063e-08
strict-r1,serving,30,batch3_strided_late,0.141518,rejected,strict_rejection,0,False,
strict-r1,serving,31,batch0_contiguous,0.051759,ok,compiled_cache,0,False,0.0
strict-r1,serving,31,batch1_contiguous,0.073389,ok,compiled_cache,0,False,1.4901161193847656e-08
strict-r1,serving,31,batch2_contiguous,0.068379,ok,compiled_cache,0,False,5.960464477539063e-08
strict-r1,serving,31,batch4_contiguous,0.062999,ok,compiled_cache,0,False,5.960464477539063e-08
strict-r1,serving,31,batch2_strided,0.069259,ok,compiled_cache,0,False,5.960464477539063e-08
strict-r1,serving,31,batch3_strided_late,0.138409,rejected,strict_rejection,0,False,
strict-r1,serving,32,batch0_contiguous,0.056509,ok,compiled_cache,0,False,0.0
strict-r1,serving,32,batch1_contiguous,0.065269,ok,compiled_cache,0,False,1.4901161193847656e-08
strict-r1,serving,32,batch2_contiguous,0.069108,ok,compiled_cache,0,False,5.960464477539063e-08
strict-r1,serving,32,batch4_contiguous,0.065908,ok,compiled_cache,0,False,5.960464477539063e-08
strict-r1,serving,32,batch2_strided,0.070129,ok,compiled_cache,0,False,5.960464477539063e-08
strict-r1,serving,32,batch3_strided_late,0.153888,rejected,strict_rejection,0,False,
strict-r1,serving,33,batch0_contiguous,0.055339,ok,compiled_cache,0,False,0.0
strict-r1,serving,33,batch1_contiguous,0.070319,ok,compiled_cache,0,False,1.4901161193847656e-08
strict-r1,serving,33,batch2_contiguous,0.065779,ok,compiled_cache,0,False,5.960464477539063e-08
strict-r1,serving,33,batch4_contiguous,0.065039,ok,compiled_cache,0,False,5.960464477539063e-08
strict-r1,serving,33,batch2_strided,0.068749,ok,compiled_cache,0,False,5.960464477539063e-08
strict-r1,serving,33,batch3_strided_late,0.142318,rejected,strict_rejection,0,False,
strict-r1,serving,34,batch0_contiguous,0.107469,ok,compiled_cache,0,False,0.0
strict-r1,serving,34,batch1_contiguous,0.067119,ok,compiled_cache,0,False,1.4901161193847656e-08
strict-r1,serving,34,batch2_contiguous,0.06847,ok,compiled_cache,0,False,5.960464477539063e-08
strict-r1,serving,34,batch4_contiguous,0.066239,ok,compiled_cache,0,False,5.960464477539063e-08
strict-r1,serving,34,batch2_strided,0.072249,ok,compiled_cache,0,False,5.960464477539063e-08
strict-r1,serving,34,batch3_strided_late,0.152808,rejected,strict_rejection,0,False,
strict-r1,serving,35,batch0_contiguous,0.061419,ok,compiled_cache,0,False,0.0
strict-r1,serving,35,batch1_contiguous,0.066349,ok,compiled_cache,0,False,1.4901161193847656e-08
strict-r1,serving,35,batch2_contiguous,0.066209,ok,compiled_cache,0,False,5.960464477539063e-08
strict-r1,serving,35,batch4_contiguous,0.074099,ok,compiled_cache,0,False,5.960464477539063e-08
strict-r1,serving,35,batch2_strided,0.069459,ok,compiled_cache,0,False,5.960464477539063e-08
strict-r1,serving,35,batch3_strided_late,0.142738,rejected,strict_rejection,0,False,
strict-r1,serving,36,batch0_contiguous,0.05017,ok,compiled_cache,0,False,0.0
strict-r1,serving,36,batch1_contiguous,0.067749,ok,compiled_cache,0,False,1.4901161193847656e-08
strict-r1,serving,36,batch2_contiguous,0.075229,ok,compiled_cache,0,False,5.960464477539063e-08
strict-r1,serving,36,batch4_contiguous,0.068859,ok,compiled_cache,0,False,5.960464477539063e-08
strict-r1,serving,36,batch2_strided,0.067188,ok,compiled_cache,0,False,5.960464477539063e-08
strict-r1,serving,36,batch3_strided_late,0.138338,rejected,strict_rejection,0,False,
strict-r1,serving,37,batch0_contiguous,0.05522,ok,compiled_cache,0,False,0.0
strict-r1,serving,37,batch1_contiguous,0.065809,ok,compiled_cache,0,False,1.4901161193847656e-08
strict-r1,serving,37,batch2_contiguous,0.063779,ok,compiled_cache,0,False,5.960464477539063e-08
strict-r1,serving,37,batch4_contiguous,0.069649,ok,compiled_cache,0,False,5.960464477539063e-08
strict-r1,serving,37,batch2_strided,0.071919,ok,compiled_cache,0,False,5.960464477539063e-08
strict-r1,serving,37,batch3_strided_late,0.141258,rejected,strict_rejection,0,False,
strict-r1,serving,38,batch0_contiguous,0.04935,ok,compiled_cache,0,False,0.0
strict-r1,serving,38,batch1_contiguous,0.076519,ok,compiled_cache,0,False,1.4901161193847656e-08
strict-r1,serving,38,batch2_contiguous,0.071199,ok,compiled_cache,0,False,5.960464477539063e-08
strict-r1,serving,38,batch4_contiguous,0.063209,ok,compiled_cache,0,False,5.960464477539063e-08
strict-r1,serving,38,batch2_strided,0.066048,ok,compiled_cache,0,False,5.960464477539063e-08
strict-r1,serving,38,batch3_strided_late,0.149058,rejected,strict_rejection,0,False,
strict-r1,serving,39,batch0_contiguous,0.055,ok,compiled_cache,0,False,0.0
strict-r1,serving,39,batch1_contiguous,0.070449,ok,compiled_cache,0,False,1.4901161193847656e-08
strict-r1,serving,39,batch2_contiguous,0.065189,ok,compiled_cache,0,False,5.960464477539063e-08
strict-r1,serving,39,batch4_contiguous,0.06546,ok,compiled_cache,0,False,5.960464477539063e-08
strict-r1,serving,39,batch2_strided,0.073169,ok,compiled_cache,0,False,5.960464477539063e-08
strict-r1,serving,39,batch3_strided_late,0.134719,rejected,strict_rejection,0,False,
strict-r1,serving,40,batch0_contiguous,0.053099,ok,compiled_cache,0,False,0.0
strict-r1,serving,40,batch1_contiguous,0.06994,ok,compiled_cache,0,False,1.4901161193847656e-08
strict-r1,serving,40,batch2_contiguous,0.068759,ok,compiled_cache,0,False,5.960464477539063e-08
strict-r1,serving,40,batch4_contiguous,0.06404,ok,compiled_cache,0,False,5.960464477539063e-08
strict-r1,serving,40,batch2_strided,0.072929,ok,compiled_cache,0,False,5.960464477539063e-08
strict-r1,serving,40,batch3_strided_late,0.149959,rejected,strict_rejection,0,False,
strict-r1,serving,41,batch0_contiguous,0.105529,ok,compiled_cache,0,False,0.0
strict-r1,serving,41,batch1_contiguous,0.066389,ok,compiled_cache,0,False,1.4901161193847656e-08
strict-r1,serving,41,batch2_contiguous,0.066249,ok,compiled_cache,0,False,5.960464477539063e-08
strict-r1,serving,41,batch4_contiguous,0.075099,ok,compiled_cache,0,False,5.960464477539063e-08
strict-r1,serving,41,batch2_strided,0.066939,ok,compiled_cache,0,False,5.960464477539063e-08
strict-r1,serving,41,batch3_strided_late,0.135367,rejected,strict_rejection,0,False,
strict-r1,serving,42,batch0_contiguous,0.062128,ok,compiled_cache,0,False,0.0
strict-r1,serving,42,batch1_contiguous,0.075339,ok,compiled_cache,0,False,1.4901161193847656e-08
strict-r1,serving,42,batch2_contiguous,0.065899,ok,compiled_cache,0,False,5.960464477539063e-08
strict-r1,serving,42,batch4_contiguous,0.067399,ok,compiled_cache,0,False,5.960464477539063e-08
strict-r1,serving,42,batch2_strided,0.069339,ok,compiled_cache,0,False,5.960464477539063e-08
strict-r1,serving,42,batch3_strided_late,0.143358,rejected,strict_rejection,0,False,
strict-r1,serving,43,batch0_contiguous,0.05033,ok,compiled_cache,0,False,0.0
strict-r1,serving,43,batch1_contiguous,0.065359,ok,compiled_cache,0,False,1.4901161193847656e-08
strict-r1,serving,43,batch2_contiguous,0.082959,ok,compiled_cache,0,False,5.960464477539063e-08
strict-r1,serving,43,batch4_contiguous,0.068179,ok,compiled_cache,0,False,5.960464477539063e-08
strict-r1,serving,43,batch2_strided,0.06631,ok,compiled_cache,0,False,5.960464477539063e-08
strict-r1,serving,43,batch3_strided_late,0.139858,rejected,strict_rejection,0,False,
strict-r1,serving,44,batch0_contiguous,0.056548,ok,compiled_cache,0,False,0.0
strict-r1,serving,44,batch1_contiguous,0.076699,ok,compiled_cache,0,False,1.4901161193847656e-08
strict-r1,serving,44,batch2_contiguous,0.06576,ok,compiled_cache,0,False,5.960464477539063e-08
strict-r1,serving,44,batch4_contiguous,0.062729,ok,compiled_cache,0,False,5.960464477539063e-08
strict-r1,serving,44,batch2_strided,0.07326,ok,compiled_cache,0,False,5.960464477539063e-08
strict-r1,serving,44,batch3_strided_late,0.138008,rejected,strict_rejection,0,False,
strict-r1,serving,45,batch0_contiguous,0.049939,ok,compiled_cache,0,False,0.0
strict-r1,serving,45,batch1_contiguous,0.068039,ok,compiled_cache,0,False,1.4901161193847656e-08
strict-r1,serving,45,batch2_contiguous,0.069851,ok,compiled_cache,0,False,5.960464477539063e-08
strict-r1,serving,45,batch4_contiguous,0.065119,ok,compiled_cache,0,False,5.960464477539063e-08
strict-r1,serving,45,batch2_strided,0.06705,ok,compiled_cache,0,False,5.960464477539063e-08
strict-r1,serving,45,batch3_strided_late,0.151028,rejected,strict_rejection,0,False,
strict-r1,serving,46,batch0_contiguous,0.050929,ok,compiled_cache,0,False,0.0
strict-r1,serving,46,batch1_contiguous,0.065139,ok,compiled_cache,0,False,1.4901161193847656e-08
strict-r1,serving,46,batch2_contiguous,0.0646,ok,compiled_cache,0,False,5.960464477539063e-08
strict-r1,serving,46,batch4_contiguous,0.066039,ok,compiled_cache,0,False,5.960464477539063e-08
strict-r1,serving,46,batch2_strided,0.067769,ok,compiled_cache,0,False,5.960464477539063e-08
strict-r1,serving,46,batch3_strided_late,0.137548,rejected,strict_rejection,0,False,
strict-r1,serving,47,batch0_contiguous,0.05554,ok,compiled_cache,0,False,0.0
strict-r1,serving,47,batch1_contiguous,0.064079,ok,compiled_cache,0,False,1.4901161193847656e-08
strict-r1,serving,47,batch2_contiguous,0.070459,ok,compiled_cache,0,False,5.960464477539063e-08
strict-r1,serving,47,batch4_contiguous,0.064849,ok,compiled_cache,0,False,5.960464477539063e-08
strict-r1,serving,47,batch2_strided,0.070479,ok,compiled_cache,0,False,5.960464477539063e-08
strict-r1,serving,47,batch3_strided_late,0.205018,rejected,strict_rejection,0,False,
strict-r1,serving,48,batch0_contiguous,0.05319,ok,compiled_cache,0,False,0.0
strict-r1,serving,48,batch1_contiguous,0.06649,ok,compiled_cache,0,False,1.4901161193847656e-08
strict-r1,serving,48,batch2_contiguous,0.067928,ok,compiled_cache,0,False,5.960464477539063e-08
strict-r1,serving,48,batch4_contiguous,0.06825,ok,compiled_cache,0,False,5.960464477539063e-08
strict-r1,serving,48,batch2_strided,0.069639,ok,compiled_cache,0,False,5.960464477539063e-08
strict-r1,serving,48,batch3_strided_late,0.144528,rejected,strict_rejection,0,False,
strict-r1,serving,49,batch0_contiguous,0.05022,ok,compiled_cache,0,False,0.0
strict-r1,serving,49,batch1_contiguous,0.075269,ok,compiled_cache,0,False,1.4901161193847656e-08
strict-r1,serving,49,batch2_contiguous,0.069308,ok,compiled_cache,0,False,5.960464477539063e-08
strict-r1,serving,49,batch4_contiguous,0.068379,ok,compiled_cache,0,False,5.960464477539063e-08
strict-r1,serving,49,batch2_strided,0.065719,ok,compiled_cache,0,False,5.960464477539063e-08
strict-r1,serving,49,batch3_strided_late,0.146738,rejected,strict_rejection,0,False,
strict-r2,warmup,,batch0_contiguous,811.986292,ok,compiled_new_variant,1,False,0.0
strict-r2,warmup,,batch1_contiguous,321.051167,ok,compiled_new_variant,1,False,1.4901161193847656e-08
strict-r2,warmup,,batch2_contiguous,139.955675,ok,compiled_new_variant,1,False,5.960464477539063e-08
strict-r2,warmup,,batch4_contiguous,85.342724,ok,compiled_new_variant,1,False,5.960464477539063e-08
strict-r2,warmup,,batch2_strided,138.419074,ok,compiled_new_variant,1,False,5.960464477539063e-08
strict-r2,serving,0,batch0_contiguous,0.128859,ok,compiled_cache,0,False,0.0
strict-r2,serving,0,batch1_contiguous,0.115008,ok,compiled_cache,0,False,1.4901161193847656e-08
strict-r2,serving,0,batch2_contiguous,0.090889,ok,compiled_cache,0,False,5.960464477539063e-08
strict-r2,serving,0,batch4_contiguous,0.101719,ok,compiled_cache,0,False,5.960464477539063e-08
strict-r2,serving,0,batch2_strided,0.080799,ok,compiled_cache,0,False,5.960464477539063e-08
strict-r2,serving,0,batch3_strided_late,0.335076,rejected,strict_rejection,0,False,
strict-r2,serving,1,batch0_contiguous,0.068219,ok,compiled_cache,0,False,0.0
strict-r2,serving,1,batch1_contiguous,0.081429,ok,compiled_cache,0,False,1.4901161193847656e-08
strict-r2,serving,1,batch2_contiguous,0.074839,ok,compiled_cache,0,False,5.960464477539063e-08
strict-r2,serving,1,batch4_contiguous,0.084339,ok,compiled_cache,0,False,5.960464477539063e-08
strict-r2,serving,1,batch2_strided,0.07354,ok,compiled_cache,0,False,5.960464477539063e-08
strict-r2,serving,1,batch3_strided_late,0.163838,rejected,strict_rejection,0,False,
strict-r2,serving,2,batch0_contiguous,0.058959,ok,compiled_cache,0,False,0.0
strict-r2,serving,2,batch1_contiguous,0.07667,ok,compiled_cache,0,False,1.4901161193847656e-08
strict-r2,serving,2,batch2_contiguous,0.07095,ok,compiled_cache,0,False,5.960464477539063e-08
strict-r2,serving,2,batch4_contiguous,0.064629,ok,compiled_cache,0,False,5.960464477539063e-08
strict-r2,serving,2,batch2_strided,0.070199,ok,compiled_cache,0,False,5.960464477539063e-08
strict-r2,serving,2,batch3_strided_late,0.155188,rejected,strict_rejection,0,False,
strict-r2,serving,3,batch0_contiguous,0.05571,ok,compiled_cache,0,False,0.0
strict-r2,serving,3,batch1_contiguous,0.070418,ok,compiled_cache,0,False,1.4901161193847656e-08
strict-r2,serving,3,batch2_contiguous,0.069979,ok,compiled_cache,0,False,5.960464477539063e-08
strict-r2,serving,3,batch4_contiguous,0.070269,ok,compiled_cache,0,False,5.960464477539063e-08
strict-r2,serving,3,batch2_strided,0.07002,ok,compiled_cache,0,False,5.960464477539063e-08
strict-r2,serving,3,batch3_strided_late,0.156668,rejected,strict_rejection,0,False,
strict-r2,serving,4,batch0_contiguous,0.063509,ok,compiled_cache,0,False,0.0
strict-r2,serving,4,batch1_contiguous,0.069179,ok,compiled_cache,0,False,1.4901161193847656e-08
strict-r2,serving,4,batch2_contiguous,0.067999,ok,compiled_cache,0,False,5.960464477539063e-08
strict-r2,serving,4,batch4_contiguous,0.077088,ok,compiled_cache,0,False,5.960464477539063e-08
strict-r2,serving,4,batch2_strided,0.071629,ok,compiled_cache,0,False,5.960464477539063e-08
strict-r2,serving,4,batch3_strided_late,0.145578,rejected,strict_rejection,0,False,
strict-r2,serving,5,batch0_contiguous,0.053149,ok,compiled_cache,0,False,0.0
strict-r2,serving,5,batch1_contiguous,0.067499,ok,compiled_cache,0,False,1.4901161193847656e-08
strict-r2,serving,5,batch2_contiguous,0.078268,ok,compiled_cache,0,False,5.960464477539063e-08
strict-r2,serving,5,batch4_contiguous,0.06485,ok,compiled_cache,0,False,5.960464477539063e-08
strict-r2,serving,5,batch2_strided,0.066039,ok,compiled_cache,0,False,5.960464477539063e-08
strict-r2,serving,5,batch3_strided_late,0.144418,rejected,strict_rejection,0,False,
strict-r2,serving,6,batch0_contiguous,0.05351,ok,compiled_cache,0,False,0.0
strict-r2,serving,6,batch1_contiguous,0.067329,ok,compiled_cache,0,False,1.4901161193847656e-08
strict-r2,serving,6,batch2_contiguous,0.065469,ok,compiled_cache,0,False,5.960464477539063e-08
strict-r2,serving,6,batch4_contiguous,0.073971,ok,compiled_cache,0,False,5.960464477539063e-08
strict-r2,serving,6,batch2_strided,0.069769,ok,compiled_cache,0,False,5.960464477539063e-08
strict-r2,serving,6,batch3_strided_late,0.141849,rejected,strict_rejection,0,False,
strict-r2,serving,7,batch0_contiguous,0.130028,ok,compiled_cache,0,False,0.0
strict-r2,serving,7,batch1_contiguous,0.07135,ok,compiled_cache,0,False,1.4901161193847656e-08
strict-r2,serving,7,batch2_contiguous,0.068979,ok,compiled_cache,0,False,5.960464477539063e-08
strict-r2,serving,7,batch4_contiguous,0.06462,ok,compiled_cache,0,False,5.960464477539063e-08
strict-r2,serving,7,batch2_strided,0.066179,ok,compiled_cache,0,False,5.960464477539063e-08
strict-r2,serving,7,batch3_strided_late,0.162998,rejected,strict_rejection,0,False,
strict-r2,serving,8,batch0_contiguous,0.05355,ok,compiled_cache,0,False,0.0
strict-r2,serving,8,batch1_contiguous,0.068139,ok,compiled_cache,0,False,1.4901161193847656e-08
strict-r2,serving,8,batch2_contiguous,0.067029,ok,compiled_cache,0,False,5.960464477539063e-08
strict-r2,serving,8,batch4_contiguous,0.06564,ok,compiled_cache,0,False,5.960464477539063e-08
strict-r2,serving,8,batch2_strided,0.069879,ok,compiled_cache,0,False,5.960464477539063e-08
strict-r2,serving,8,batch3_strided_late,0.141409,rejected,strict_rejection,0,False,
strict-r2,serving,9,batch0_contiguous,0.051569,ok,compiled_cache,0,False,0.0
strict-r2,serving,9,batch1_contiguous,0.067989,ok,compiled_cache,0,False,1.4901161193847656e-08
strict-r2,serving,9,batch2_contiguous,0.067069,ok,compiled_cache,0,False,5.960464477539063e-08
strict-r2,serving,9,batch4_contiguous,0.063489,ok,compiled_cache,0,False,5.960464477539063e-08
strict-r2,serving,9,batch2_strided,0.066109,ok,compiled_cache,0,False,5.960464477539063e-08
strict-r2,serving,9,batch3_strided_late,0.155868,rejected,strict_rejection,0,False,
strict-r2,serving,10,batch0_contiguous,0.052939,ok,compiled_cache,0,False,0.0
strict-r2,serving,10,batch1_contiguous,0.066569,ok,compiled_cache,0,False,1.4901161193847656e-08
strict-r2,serving,10,batch2_contiguous,0.06876,ok,compiled_cache,0,False,5.960464477539063e-08
strict-r2,serving,10,batch4_contiguous,0.077639,ok,compiled_cache,0,False,5.960464477539063e-08
strict-r2,serving,10,batch2_strided,0.0686,ok,compiled_cache,0,False,5.960464477539063e-08
strict-r2,serving,10,batch3_strided_late,0.141889,rejected,strict_rejection,0,False,
strict-r2,serving,11,batch0_contiguous,0.062079,ok,compiled_cache,0,False,0.0
strict-r2,serving,11,batch1_contiguous,0.071159,ok,compiled_cache,0,False,1.4901161193847656e-08
strict-r2,serving,11,batch2_contiguous,0.067639,ok,compiled_cache,0,False,5.960464477539063e-08
strict-r2,serving,11,batch4_contiguous,0.063089,ok,compiled_cache,0,False,5.960464477539063e-08
strict-r2,serving,11,batch2_strided,0.079409,ok,compiled_cache,0,False,5.960464477539063e-08
strict-r2,serving,11,batch3_strided_late,0.141758,rejected,strict_rejection,0,False,
strict-r2,serving,12,batch0_contiguous,0.051359,ok,compiled_cache,0,False,0.0
strict-r2,serving,12,batch1_contiguous,0.066219,ok,compiled_cache,0,False,1.4901161193847656e-08
strict-r2,serving,12,batch2_contiguous,0.077129,ok,compiled_cache,0,False,5.960464477539063e-08
strict-r2,serving,12,batch4_contiguous,0.067029,ok,compiled_cache,0,False,5.960464477539063e-08
strict-r2,serving,12,batch2_strided,0.066289,ok,compiled_cache,0,False,5.960464477539063e-08
strict-r2,serving,12,batch3_strided_late,0.142347,rejected,strict_rejection,0,False,
strict-r2,serving,13,batch0_contiguous,0.056,ok,compiled_cache,0,False,0.0
strict-r2,serving,13,batch1_contiguous,0.076848,ok,compiled_cache,0,False,1.4901161193847656e-08
strict-r2,serving,13,batch2_contiguous,0.064699,ok,compiled_cache,0,False,5.960464477539063e-08
strict-r2,serving,13,batch4_contiguous,0.064089,ok,compiled_cache,0,False,5.960464477539063e-08
strict-r2,serving,13,batch2_strided,0.07017,ok,compiled_cache,0,False,5.960464477539063e-08
strict-r2,serving,13,batch3_strided_late,0.144249,rejected,strict_rejection,0,False,
strict-r2,serving,14,batch0_contiguous,0.05334,ok,compiled_cache,0,False,0.0
strict-r2,serving,14,batch1_contiguous,0.068159,ok,compiled_cache,0,False,1.4901161193847656e-08
strict-r2,serving,14,batch2_contiguous,0.06951,ok,compiled_cache,0,False,5.960464477539063e-08
strict-r2,serving,14,batch4_contiguous,0.068099,ok,compiled_cache,0,False,5.960464477539063e-08
strict-r2,serving,14,batch2_strided,0.06793,ok,compiled_cache,0,False,5.960464477539063e-08
strict-r2,serving,14,batch3_strided_late,0.151778,rejected,strict_rejection,0,False,
strict-r2,serving,15,batch0_contiguous,0.065288,ok,compiled_cache,0,False,0.0
strict-r2,serving,15,batch1_contiguous,0.068848,ok,compiled_cache,0,False,1.4901161193847656e-08
strict-r2,serving,15,batch2_contiguous,0.064339,ok,compiled_cache,0,False,5.960464477539063e-08
strict-r2,serving,15,batch4_contiguous,0.074039,ok,compiled_cache,0,False,5.960464477539063e-08
strict-r2,serving,15,batch2_strided,0.069219,ok,compiled_cache,0,False,5.960464477539063e-08
strict-r2,serving,15,batch3_strided_late,0.142258,rejected,strict_rejection,0,False,
strict-r2,serving,16,batch0_contiguous,0.050479,ok,compiled_cache,0,False,0.0
strict-r2,serving,16,batch1_contiguous,0.074459,ok,compiled_cache,0,False,1.4901161193847656e-08
strict-r2,serving,16,batch2_contiguous,0.069809,ok,compiled_cache,0,False,5.960464477539063e-08
strict-r2,serving,16,batch4_contiguous,0.06382,ok,compiled_cache,0,False,5.960464477539063e-08
strict-r2,serving,16,batch2_strided,0.065809,ok,compiled_cache,0,False,5.960464477539063e-08
strict-r2,serving,16,batch3_strided_late,0.139359,rejected,strict_rejection,0,False,
strict-r2,serving,17,batch0_contiguous,0.056379,ok,compiled_cache,0,False,0.0
strict-r2,serving,17,batch1_contiguous,0.066771,ok,compiled_cache,0,False,1.4901161193847656e-08
strict-r2,serving,17,batch2_contiguous,0.064378,ok,compiled_cache,0,False,5.960464477539063e-08
strict-r2,serving,17,batch4_contiguous,0.06445,ok,compiled_cache,0,False,5.960464477539063e-08
strict-r2,serving,17,batch2_strided,0.070699,ok,compiled_cache,0,False,5.960464477539063e-08
strict-r2,serving,17,batch3_strided_late,0.139409,rejected,strict_rejection,0,False,
strict-r2,serving,18,batch0_contiguous,0.051549,ok,compiled_cache,0,False,0.0
strict-r2,serving,18,batch1_contiguous,0.069588,ok,compiled_cache,0,False,1.4901161193847656e-08
strict-r2,serving,18,batch2_contiguous,0.068728,ok,compiled_cache,0,False,5.960464477539063e-08
strict-r2,serving,18,batch4_contiguous,0.06743,ok,compiled_cache,0,False,5.960464477539063e-08
strict-r2,serving,18,batch2_strided,0.066239,ok,compiled_cache,0,False,5.960464477539063e-08
strict-r2,serving,18,batch3_strided_late,0.185217,rejected,strict_rejection,0,False,
strict-r2,serving,19,batch0_contiguous,0.0516,ok,compiled_cache,0,False,0.0
strict-r2,serving,19,batch1_contiguous,0.071878,ok,compiled_cache,0,False,1.4901161193847656e-08
strict-r2,serving,19,batch2_contiguous,0.065808,ok,compiled_cache,0,False,5.960464477539063e-08
strict-r2,serving,19,batch4_contiguous,0.065929,ok,compiled_cache,0,False,5.960464477539063e-08
strict-r2,serving,19,batch2_strided,0.067179,ok,compiled_cache,0,False,5.960464477539063e-08
strict-r2,serving,19,batch3_strided_late,0.142428,rejected,strict_rejection,0,False,
strict-r2,serving,20,batch0_contiguous,0.05559,ok,compiled_cache,0,False,0.0
strict-r2,serving,20,batch1_contiguous,0.067199,ok,compiled_cache,0,False,1.4901161193847656e-08
strict-r2,serving,20,batch2_contiguous,0.067179,ok,compiled_cache,0,False,5.960464477539063e-08
strict-r2,serving,20,batch4_contiguous,0.06682,ok,compiled_cache,0,False,5.960464477539063e-08
strict-r2,serving,20,batch2_strided,0.135738,ok,compiled_cache,0,False,5.960464477539063e-08
strict-r2,serving,20,batch3_strided_late,0.147918,rejected,strict_rejection,0,False,
strict-r2,serving,21,batch0_contiguous,0.051879,ok,compiled_cache,0,False,0.0
strict-r2,serving,21,batch1_contiguous,0.066189,ok,compiled_cache,0,False,1.4901161193847656e-08
strict-r2,serving,21,batch2_contiguous,0.080819,ok,compiled_cache,0,False,5.960464477539063e-08
strict-r2,serving,21,batch4_contiguous,0.06753,ok,compiled_cache,0,False,5.960464477539063e-08
strict-r2,serving,21,batch2_strided,0.067909,ok,compiled_cache,0,False,5.960464477539063e-08
strict-r2,serving,21,batch3_strided_late,0.141418,rejected,strict_rejection,0,False,
strict-r2,serving,22,batch0_contiguous,0.052239,ok,compiled_cache,0,False,0.0
strict-r2,serving,22,batch1_contiguous,0.075529,ok,compiled_cache,0,False,1.4901161193847656e-08
strict-r2,serving,22,batch2_contiguous,0.070239,ok,compiled_cache,0,False,5.960464477539063e-08
strict-r2,serving,22,batch4_contiguous,0.063619,ok,compiled_cache,0,False,5.960464477539063e-08
strict-r2,serving,22,batch2_strided,0.068118,ok,compiled_cache,0,False,5.960464477539063e-08
strict-r2,serving,22,batch3_strided_late,0.142828,rejected,strict_rejection,0,False,
strict-r2,serving,23,batch0_contiguous,0.05263,ok,compiled_cache,0,False,0.0
strict-r2,serving,23,batch1_contiguous,0.065149,ok,compiled_cache,0,False,1.4901161193847656e-08
strict-r2,serving,23,batch2_contiguous,0.072269,ok,compiled_cache,0,False,5.960464477539063e-08
strict-r2,serving,23,batch4_contiguous,0.069768,ok,compiled_cache,0,False,5.960464477539063e-08
strict-r2,serving,23,batch2_strided,0.066919,ok,compiled_cache,0,False,5.960464477539063e-08
strict-r2,serving,23,batch3_strided_late,0.139169,rejected,strict_rejection,0,False,
strict-r2,serving,24,batch0_contiguous,0.054959,ok,compiled_cache,0,False,0.0
strict-r2,serving,24,batch1_contiguous,0.06885,ok,compiled_cache,0,False,1.4901161193847656e-08
strict-r2,serving,24,batch2_contiguous,0.065429,ok,compiled_cache,0,False,5.960464477539063e-08
strict-r2,serving,24,batch4_contiguous,0.063439,ok,compiled_cache,0,False,5.960464477539063e-08
strict-r2,serving,24,batch2_strided,0.073969,ok,compiled_cache,0,False,5.960464477539063e-08
strict-r2,serving,24,batch3_strided_late,0.139888,rejected,strict_rejection,0,False,
strict-r2,serving,25,batch0_contiguous,0.051929,ok,compiled_cache,0,False,0.0
strict-r2,serving,25,batch1_contiguous,0.066599,ok,compiled_cache,0,False,1.4901161193847656e-08
strict-r2,serving,25,batch2_contiguous,0.072839,ok,compiled_cache,0,False,5.960464477539063e-08
strict-r2,serving,25,batch4_contiguous,0.066459,ok,compiled_cache,0,False,5.960464477539063e-08
strict-r2,serving,25,batch2_strided,0.068028,ok,compiled_cache,0,False,5.960464477539063e-08
strict-r2,serving,25,batch3_strided_late,0.138188,rejected,strict_rejection,0,False,
strict-r2,serving,26,batch0_contiguous,0.055219,ok,compiled_cache,0,False,0.0
strict-r2,serving,26,batch1_contiguous,0.06612,ok,compiled_cache,0,False,1.4901161193847656e-08
strict-r2,serving,26,batch2_contiguous,0.068819,ok,compiled_cache,0,False,5.960464477539063e-08
strict-r2,serving,26,batch4_contiguous,0.066799,ok,compiled_cache,0,False,5.960464477539063e-08
strict-r2,serving,26,batch2_strided,0.069899,ok,compiled_cache,0,False,5.960464477539063e-08
strict-r2,serving,26,batch3_strided_late,0.13871,rejected,strict_rejection,0,False,
strict-r2,serving,27,batch0_contiguous,0.054759,ok,compiled_cache,0,False,0.0
strict-r2,serving,27,batch1_contiguous,0.121748,ok,compiled_cache,0,False,1.4901161193847656e-08
strict-r2,serving,27,batch2_contiguous,0.071229,ok,compiled_cache,0,False,5.960464477539063e-08
strict-r2,serving,27,batch4_contiguous,0.066719,ok,compiled_cache,0,False,5.960464477539063e-08
strict-r2,serving,27,batch2_strided,0.06693,ok,compiled_cache,0,False,5.960464477539063e-08
strict-r2,serving,27,batch3_strided_late,0.152827,rejected,strict_rejection,0,False,
strict-r2,serving,28,batch0_contiguous,0.05981,ok,compiled_cache,0,False,0.0
strict-r2,serving,28,batch1_contiguous,0.069979,ok,compiled_cache,0,False,1.4901161193847656e-08
strict-r2,serving,28,batch2_contiguous,0.06467,ok,compiled_cache,0,False,5.960464477539063e-08
strict-r2,serving,28,batch4_contiguous,0.062279,ok,compiled_cache,0,False,5.960464477539063e-08
strict-r2,serving,28,batch2_strided,0.078239,ok,compiled_cache,0,False,5.960464477539063e-08
strict-r2,serving,28,batch3_strided_late,0.139587,rejected,strict_rejection,0,False,
strict-r2,serving,29,batch0_contiguous,0.055448,ok,compiled_cache,0,False,0.0
strict-r2,serving,29,batch1_contiguous,0.066238,ok,compiled_cache,0,False,1.4901161193847656e-08
strict-r2,serving,29,batch2_contiguous,0.075639,ok,compiled_cache,0,False,5.960464477539063e-08
strict-r2,serving,29,batch4_contiguous,0.063009,ok,compiled_cache,0,False,5.960464477539063e-08
strict-r2,serving,29,batch2_strided,0.06623,ok,compiled_cache,0,False,5.960464477539063e-08
strict-r2,serving,29,batch3_strided_late,0.141798,rejected,strict_rejection,0,False,
strict-r2,serving,30,batch0_contiguous,0.05101,ok,compiled_cache,0,False,0.0
strict-r2,serving,30,batch1_contiguous,0.064308,ok,compiled_cache,0,False,1.4901161193847656e-08
strict-r2,serving,30,batch2_contiguous,0.068859,ok,compiled_cache,0,False,5.960464477539063e-08
strict-r2,serving,30,batch4_contiguous,0.074239,ok,compiled_cache,0,False,5.960464477539063e-08
strict-r2,serving,30,batch2_strided,0.068439,ok,compiled_cache,0,False,5.960464477539063e-08
strict-r2,serving,30,batch3_strided_late,0.138128,rejected,strict_rejection,0,False,
strict-r2,serving,31,batch0_contiguous,0.053789,ok,compiled_cache,0,False,0.0
strict-r2,serving,31,batch1_contiguous,0.07687,ok,compiled_cache,0,False,1.4901161193847656e-08
strict-r2,serving,31,batch2_contiguous,0.076289,ok,compiled_cache,0,False,5.960464477539063e-08
strict-r2,serving,31,batch4_contiguous,0.06433,ok,compiled_cache,0,False,5.960464477539063e-08
strict-r2,serving,31,batch2_strided,0.064319,ok,compiled_cache,0,False,5.960464477539063e-08
strict-r2,serving,31,batch3_strided_late,0.135448,rejected,strict_rejection,0,False,
strict-r2,serving,32,batch0_contiguous,0.055479,ok,compiled_cache,0,False,0.0
strict-r2,serving,32,batch1_contiguous,0.066308,ok,compiled_cache,0,False,1.4901161193847656e-08
strict-r2,serving,32,batch2_contiguous,0.063219,ok,compiled_cache,0,False,5.960464477539063e-08
strict-r2,serving,32,batch4_contiguous,0.065389,ok,compiled_cache,0,False,5.960464477539063e-08
strict-r2,serving,32,batch2_strided,0.068869,ok,compiled_cache,0,False,5.960464477539063e-08
strict-r2,serving,32,batch3_strided_late,0.139808,rejected,strict_rejection,0,False,
strict-r2,serving,33,batch0_contiguous,0.054059,ok,compiled_cache,0,False,0.0
strict-r2,serving,33,batch1_contiguous,0.075959,ok,compiled_cache,0,False,1.4901161193847656e-08
strict-r2,serving,33,batch2_contiguous,0.071279,ok,compiled_cache,0,False,5.960464477539063e-08
strict-r2,serving,33,batch4_contiguous,0.064158,ok,compiled_cache,0,False,5.960464477539063e-08
strict-r2,serving,33,batch2_strided,0.06564,ok,compiled_cache,0,False,5.960464477539063e-08
strict-r2,serving,33,batch3_strided_late,0.146478,rejected,strict_rejection,0,False,
strict-r2,serving,34,batch0_contiguous,0.107879,ok,compiled_cache,0,False,0.0
strict-r2,serving,34,batch1_contiguous,0.067939,ok,compiled_cache,0,False,1.4901161193847656e-08
strict-r2,serving,34,batch2_contiguous,0.06551,ok,compiled_cache,0,False,5.960464477539063e-08
strict-r2,serving,34,batch4_contiguous,0.065538,ok,compiled_cache,0,False,5.960464477539063e-08
strict-r2,serving,34,batch2_strided,0.073669,ok,compiled_cache,0,False,5.960464477539063e-08
strict-r2,serving,34,batch3_strided_late,0.136208,rejected,strict_rejection,0,False,
strict-r2,serving,35,batch0_contiguous,0.05018,ok,compiled_cache,0,False,0.0
strict-r2,serving,35,batch1_contiguous,0.066069,ok,compiled_cache,0,False,1.4901161193847656e-08
strict-r2,serving,35,batch2_contiguous,0.066899,ok,compiled_cache,0,False,5.960464477539063e-08
strict-r2,serving,35,batch4_contiguous,0.063199,ok,compiled_cache,0,False,5.960464477539063e-08
strict-r2,serving,35,batch2_strided,0.074099,ok,compiled_cache,0,False,5.960464477539063e-08
strict-r2,serving,35,batch3_strided_late,0.150658,rejected,strict_rejection,0,False,
strict-r2,serving,36,batch0_contiguous,0.05125,ok,compiled_cache,0,False,0.0
strict-r2,serving,36,batch1_contiguous,0.069289,ok,compiled_cache,0,False,1.4901161193847656e-08
strict-r2,serving,36,batch2_contiguous,0.064949,ok,compiled_cache,0,False,5.960464477539063e-08
strict-r2,serving,36,batch4_contiguous,0.081088,ok,compiled_cache,0,False,5.960464477539063e-08
strict-r2,serving,36,batch2_strided,0.068208,ok,compiled_cache,0,False,5.960464477539063e-08
strict-r2,serving,36,batch3_strided_late,0.135349,rejected,strict_rejection,0,False,
strict-r2,serving,37,batch0_contiguous,0.06521,ok,compiled_cache,0,False,0.0
strict-r2,serving,37,batch1_contiguous,0.076099,ok,compiled_cache,0,False,1.4901161193847656e-08
strict-r2,serving,37,batch2_contiguous,0.065109,ok,compiled_cache,0,False,5.960464477539063e-08
strict-r2,serving,37,batch4_contiguous,0.060588,ok,compiled_cache,0,False,5.960464477539063e-08
strict-r2,serving,37,batch2_strided,0.075668,ok,compiled_cache,0,False,5.960464477539063e-08
strict-r2,serving,37,batch3_strided_late,0.140308,rejected,strict_rejection,0,False,
strict-r2,serving,38,batch0_contiguous,0.04996,ok,compiled_cache,0,False,0.0
strict-r2,serving,38,batch1_contiguous,0.06861,ok,compiled_cache,0,False,1.4901161193847656e-08
strict-r2,serving,38,batch2_contiguous,0.078309,ok,compiled_cache,0,False,5.960464477539063e-08
strict-r2,serving,38,batch4_contiguous,0.066279,ok,compiled_cache,0,False,5.960464477539063e-08
strict-r2,serving,38,batch2_strided,0.069268,ok,compiled_cache,0,False,5.960464477539063e-08
strict-r2,serving,38,batch3_strided_late,0.140109,rejected,strict_rejection,0,False,
strict-r2,serving,39,batch0_contiguous,0.05229,ok,compiled_cache,0,False,0.0
strict-r2,serving,39,batch1_contiguous,0.070699,ok,compiled_cache,0,False,1.4901161193847656e-08
strict-r2,serving,39,batch2_contiguous,0.068159,ok,compiled_cache,0,False,5.960464477539063e-08
strict-r2,serving,39,batch4_contiguous,0.06112,ok,compiled_cache,0,False,5.960464477539063e-08
strict-r2,serving,39,batch2_strided,0.067699,ok,compiled_cache,0,False,5.960464477539063e-08
strict-r2,serving,39,batch3_strided_late,0.135839,rejected,strict_rejection,0,False,
strict-r2,serving,40,batch0_contiguous,0.055459,ok,compiled_cache,0,False,0.0
strict-r2,serving,40,batch1_contiguous,0.06509,ok,compiled_cache,0,False,1.4901161193847656e-08
strict-r2,serving,40,batch2_contiguous,0.066869,ok,compiled_cache,0,False,5.960464477539063e-08
strict-r2,serving,40,batch4_contiguous,0.064339,ok,compiled_cache,0,False,5.960464477539063e-08
strict-r2,serving,40,batch2_strided,0.070948,ok,compiled_cache,0,False,5.960464477539063e-08
strict-r2,serving,40,batch3_strided_late,0.150967,rejected,strict_rejection,0,False,
strict-r2,serving,41,batch0_contiguous,0.104688,ok,compiled_cache,0,False,0.0
strict-r2,serving,41,batch1_contiguous,0.067669,ok,compiled_cache,0,False,1.4901161193847656e-08
strict-r2,serving,41,batch2_contiguous,0.06476,ok,compiled_cache,0,False,5.960464477539063e-08
strict-r2,serving,41,batch4_contiguous,0.062929,ok,compiled_cache,0,False,5.960464477539063e-08
strict-r2,serving,41,batch2_strided,0.111419,ok,compiled_cache,0,False,5.960464477539063e-08
strict-r2,serving,41,batch3_strided_late,0.140039,rejected,strict_rejection,0,False,
strict-r2,serving,42,batch0_contiguous,0.050639,ok,compiled_cache,0,False,0.0
strict-r2,serving,42,batch1_contiguous,0.064559,ok,compiled_cache,0,False,1.4901161193847656e-08
strict-r2,serving,42,batch2_contiguous,0.077459,ok,compiled_cache,0,False,5.960464477539063e-08
strict-r2,serving,42,batch4_contiguous,0.06731,ok,compiled_cache,0,False,5.960464477539063e-08
strict-r2,serving,42,batch2_strided,0.069799,ok,compiled_cache,0,False,5.960464477539063e-08
strict-r2,serving,42,batch3_strided_late,0.139779,rejected,strict_rejection,0,False,
strict-r2,serving,43,batch0_contiguous,0.05125,ok,compiled_cache,0,False,0.0
strict-r2,serving,43,batch1_contiguous,0.06883,ok,compiled_cache,0,False,1.4901161193847656e-08
strict-r2,serving,43,batch2_contiguous,0.063389,ok,compiled_cache,0,False,5.960464477539063e-08
strict-r2,serving,43,batch4_contiguous,0.065169,ok,compiled_cache,0,False,5.960464477539063e-08
strict-r2,serving,43,batch2_strided,0.067469,ok,compiled_cache,0,False,5.960464477539063e-08
strict-r2,serving,43,batch3_strided_late,0.139149,rejected,strict_rejection,0,False,
strict-r2,serving,44,batch0_contiguous,0.051359,ok,compiled_cache,0,False,0.0
strict-r2,serving,44,batch1_contiguous,0.07517,ok,compiled_cache,0,False,1.4901161193847656e-08
strict-r2,serving,44,batch2_contiguous,0.068529,ok,compiled_cache,0,False,5.960464477539063e-08
strict-r2,serving,44,batch4_contiguous,0.065859,ok,compiled_cache,0,False,5.960464477539063e-08
strict-r2,serving,44,batch2_strided,0.06701,ok,compiled_cache,0,False,5.960464477539063e-08
strict-r2,serving,44,batch3_strided_late,0.135657,rejected,strict_rejection,0,False,
strict-r2,serving,45,batch0_contiguous,0.05613,ok,compiled_cache,0,False,0.0
strict-r2,serving,45,batch1_contiguous,0.065219,ok,compiled_cache,0,False,1.4901161193847656e-08
strict-r2,serving,45,batch2_contiguous,0.06566,ok,compiled_cache,0,False,5.960464477539063e-08
strict-r2,serving,45,batch4_contiguous,0.067019,ok,compiled_cache,0,False,5.960464477539063e-08
strict-r2,serving,45,batch2_strided,0.074959,ok,compiled_cache,0,False,5.960464477539063e-08
strict-r2,serving,45,batch3_strided_late,0.139228,rejected,strict_rejection,0,False,
strict-r2,serving,46,batch0_contiguous,0.050099,ok,compiled_cache,0,False,0.0
strict-r2,serving,46,batch1_contiguous,0.070079,ok,compiled_cache,0,False,1.4901161193847656e-08
strict-r2,serving,46,batch2_contiguous,0.06741,ok,compiled_cache,0,False,5.960464477539063e-08
strict-r2,serving,46,batch4_contiguous,0.060239,ok,compiled_cache,0,False,5.960464477539063e-08
strict-r2,serving,46,batch2_strided,0.063639,ok,compiled_cache,0,False,5.960464477539063e-08
strict-r2,serving,46,batch3_strided_late,0.147848,rejected,strict_rejection,0,False,
strict-r2,serving,47,batch0_contiguous,0.05518,ok,compiled_cache,0,False,0.0
strict-r2,serving,47,batch1_contiguous,0.06549,ok,compiled_cache,0,False,1.4901161193847656e-08
strict-r2,serving,47,batch2_contiguous,0.066548,ok,compiled_cache,0,False,5.960464477539063e-08
strict-r2,serving,47,batch4_contiguous,0.065189,ok,compiled_cache,0,False,5.960464477539063e-08
strict-r2,serving,47,batch2_strided,0.068529,ok,compiled_cache,0,False,5.960464477539063e-08
strict-r2,serving,47,batch3_strided_late,0.184038,rejected,strict_rejection,0,False,
strict-r2,serving,48,batch0_contiguous,0.051569,ok,compiled_cache,0,False,0.0
strict-r2,serving,48,batch1_contiguous,0.067309,ok,compiled_cache,0,False,1.4901161193847656e-08
strict-r2,serving,48,batch2_contiguous,0.070419,ok,compiled_cache,0,False,5.960464477539063e-08
strict-r2,serving,48,batch4_contiguous,0.064309,ok,compiled_cache,0,False,5.960464477539063e-08
strict-r2,serving,48,batch2_strided,0.081469,ok,compiled_cache,0,False,5.960464477539063e-08
strict-r2,serving,48,batch3_strided_late,0.142149,rejected,strict_rejection,0,False,
strict-r2,serving,49,batch0_contiguous,0.05409,ok,compiled_cache,0,False,0.0
strict-r2,serving,49,batch1_contiguous,0.06534,ok,compiled_cache,0,False,1.4901161193847656e-08
strict-r2,serving,49,batch2_contiguous,0.076139,ok,compiled_cache,0,False,5.960464477539063e-08
strict-r2,serving,49,batch4_contiguous,0.065139,ok,compiled_cache,0,False,5.960464477539063e-08
strict-r2,serving,49,batch2_strided,0.066909,ok,compiled_cache,0,False,5.960464477539063e-08
strict-r2,serving,49,batch3_strided_late,0.139089,rejected,strict_rejection,0,False,
strict-r3,warmup,,batch0_contiguous,815.286948,ok,compiled_new_variant,1,False,0.0
strict-r3,warmup,,batch1_contiguous,319.859772,ok,compiled_new_variant,1,False,1.4901161193847656e-08
strict-r3,warmup,,batch2_contiguous,139.913665,ok,compiled_new_variant,1,False,5.960464477539063e-08
strict-r3,warmup,,batch4_contiguous,84.663902,ok,compiled_new_variant,1,False,5.960464477539063e-08
strict-r3,warmup,,batch2_strided,135.020469,ok,compiled_new_variant,1,False,5.960464477539063e-08
strict-r3,serving,0,batch0_contiguous,0.131769,ok,compiled_cache,0,False,0.0
strict-r3,serving,0,batch1_contiguous,0.112689,ok,compiled_cache,0,False,1.4901161193847656e-08
strict-r3,serving,0,batch2_contiguous,0.092718,ok,compiled_cache,0,False,5.960464477539063e-08
strict-r3,serving,0,batch4_contiguous,0.086359,ok,compiled_cache,0,False,5.960464477539063e-08
strict-r3,serving,0,batch2_strided,0.082408,ok,compiled_cache,0,False,5.960464477539063e-08
strict-r3,serving,0,batch3_strided_late,0.325026,rejected,strict_rejection,0,False,
strict-r3,serving,1,batch0_contiguous,0.068069,ok,compiled_cache,0,False,0.0
strict-r3,serving,1,batch1_contiguous,0.081859,ok,compiled_cache,0,False,1.4901161193847656e-08
strict-r3,serving,1,batch2_contiguous,0.077299,ok,compiled_cache,0,False,5.960464477539063e-08
strict-r3,serving,1,batch4_contiguous,0.069389,ok,compiled_cache,0,False,5.960464477539063e-08
strict-r3,serving,1,batch2_strided,0.081648,ok,compiled_cache,0,False,5.960464477539063e-08
strict-r3,serving,1,batch3_strided_late,0.173247,rejected,strict_rejection,0,False,
strict-r3,serving,2,batch0_contiguous,0.05624,ok,compiled_cache,0,False,0.0
strict-r3,serving,2,batch1_contiguous,0.071229,ok,compiled_cache,0,False,1.4901161193847656e-08
strict-r3,serving,2,batch2_contiguous,0.099879,ok,compiled_cache,0,False,5.960464477539063e-08
strict-r3,serving,2,batch4_contiguous,0.072709,ok,compiled_cache,0,False,5.960464477539063e-08
strict-r3,serving,2,batch2_strided,0.069879,ok,compiled_cache,0,False,5.960464477539063e-08
strict-r3,serving,2,batch3_strided_late,0.154808,rejected,strict_rejection,0,False,
strict-r3,serving,3,batch0_contiguous,0.055579,ok,compiled_cache,0,False,0.0
strict-r3,serving,3,batch1_contiguous,0.071849,ok,compiled_cache,0,False,1.4901161193847656e-08
strict-r3,serving,3,batch2_contiguous,0.068719,ok,compiled_cache,0,False,5.960464477539063e-08
strict-r3,serving,3,batch4_contiguous,0.06711,ok,compiled_cache,0,False,5.960464477539063e-08
strict-r3,serving,3,batch2_strided,0.071208,ok,compiled_cache,0,False,5.960464477539063e-08
strict-r3,serving,3,batch3_strided_late,0.147098,rejected,strict_rejection,0,False,
strict-r3,serving,4,batch0_contiguous,0.05448,ok,compiled_cache,0,False,0.0
strict-r3,serving,4,batch1_contiguous,0.069279,ok,compiled_cache,0,False,1.4901161193847656e-08
strict-r3,serving,4,batch2_contiguous,0.069709,ok,compiled_cache,0,False,5.960464477539063e-08
strict-r3,serving,4,batch4_contiguous,0.066039,ok,compiled_cache,0,False,5.960464477539063e-08
strict-r3,serving,4,batch2_strided,0.068458,ok,compiled_cache,0,False,5.960464477539063e-08
strict-r3,serving,4,batch3_strided_late,0.155318,rejected,strict_rejection,0,False,
strict-r3,serving,5,batch0_contiguous,0.053368,ok,compiled_cache,0,False,0.0
strict-r3,serving,5,batch1_contiguous,0.068339,ok,compiled_cache,0,False,1.4901161193847656e-08
strict-r3,serving,5,batch2_contiguous,0.068339,ok,compiled_cache,0,False,5.960464477539063e-08
strict-r3,serving,5,batch4_contiguous,0.06236,ok,compiled_cache,0,False,5.960464477539063e-08
strict-r3,serving,5,batch2_strided,0.077259,ok,compiled_cache,0,False,5.960464477539063e-08
strict-r3,serving,5,batch3_strided_late,0.146399,rejected,strict_rejection,0,False,
strict-r3,serving,6,batch0_contiguous,0.053459,ok,compiled_cache,0,False,0.0
strict-r3,serving,6,batch1_contiguous,0.068769,ok,compiled_cache,0,False,1.4901161193847656e-08
strict-r3,serving,6,batch2_contiguous,0.069049,ok,compiled_cache,0,False,5.960464477539063e-08
strict-r3,serving,6,batch4_contiguous,0.066139,ok,compiled_cache,0,False,5.960464477539063e-08
strict-r3,serving,6,batch2_strided,0.068769,ok,compiled_cache,0,False,5.960464477539063e-08
strict-r3,serving,6,batch3_strided_late,0.159567,rejected,strict_rejection,0,False,
strict-r3,serving,7,batch0_contiguous,0.143538,ok,compiled_cache,0,False,0.0
strict-r3,serving,7,batch1_contiguous,0.070189,ok,compiled_cache,0,False,1.4901161193847656e-08
strict-r3,serving,7,batch2_contiguous,0.068029,ok,compiled_cache,0,False,5.960464477539063e-08
strict-r3,serving,7,batch4_contiguous,0.06887,ok,compiled_cache,0,False,5.960464477539063e-08
strict-r3,serving,7,batch2_strided,0.070569,ok,compiled_cache,0,False,5.960464477539063e-08
strict-r3,serving,7,batch3_strided_late,0.150917,rejected,strict_rejection,0,False,
strict-r3,serving,8,batch0_contiguous,0.053271,ok,compiled_cache,0,False,0.0
strict-r3,serving,8,batch1_contiguous,0.070168,ok,compiled_cache,0,False,1.4901161193847656e-08
strict-r3,serving,8,batch2_contiguous,0.067999,ok,compiled_cache,0,False,5.960464477539063e-08
strict-r3,serving,8,batch4_contiguous,0.063779,ok,compiled_cache,0,False,5.960464477539063e-08
strict-r3,serving,8,batch2_strided,0.067719,ok,compiled_cache,0,False,5.960464477539063e-08
strict-r3,serving,8,batch3_strided_late,0.153838,rejected,strict_rejection,0,False,
strict-r3,serving,9,batch0_contiguous,0.052251,ok,compiled_cache,0,False,0.0
strict-r3,serving,9,batch1_contiguous,0.066199,ok,compiled_cache,0,False,1.4901161193847656e-08
strict-r3,serving,9,batch2_contiguous,0.068599,ok,compiled_cache,0,False,5.960464477539063e-08
strict-r3,serving,9,batch4_contiguous,0.074379,ok,compiled_cache,0,False,5.960464477539063e-08
strict-r3,serving,9,batch2_strided,0.069,ok,compiled_cache,0,False,5.960464477539063e-08
strict-r3,serving,9,batch3_strided_late,0.141758,rejected,strict_rejection,0,False,
strict-r3,serving,10,batch0_contiguous,0.06277,ok,compiled_cache,0,False,0.0
strict-r3,serving,10,batch1_contiguous,0.069479,ok,compiled_cache,0,False,1.4901161193847656e-08
strict-r3,serving,10,batch2_contiguous,0.07075,ok,compiled_cache,0,False,5.960464477539063e-08
strict-r3,serving,10,batch4_contiguous,0.065629,ok,compiled_cache,0,False,5.960464477539063e-08
strict-r3,serving,10,batch2_strided,0.081789,ok,compiled_cache,0,False,5.960464477539063e-08
strict-r3,serving,10,batch3_strided_late,0.144448,rejected,strict_rejection,0,False,
strict-r3,serving,11,batch0_contiguous,0.05156,ok,compiled_cache,0,False,0.0
strict-r3,serving,11,batch1_contiguous,0.067068,ok,compiled_cache,0,False,1.4901161193847656e-08
strict-r3,serving,11,batch2_contiguous,0.07811,ok,compiled_cache,0,False,5.960464477539063e-08
strict-r3,serving,11,batch4_contiguous,0.067169,ok,compiled_cache,0,False,5.960464477539063e-08
strict-r3,serving,11,batch2_strided,0.06785,ok,compiled_cache,0,False,5.960464477539063e-08
strict-r3,serving,11,batch3_strided_late,0.144048,rejected,strict_rejection,0,False,
strict-r3,serving,12,batch0_contiguous,0.053159,ok,compiled_cache,0,False,0.0
strict-r3,serving,12,batch1_contiguous,0.075989,ok,compiled_cache,0,False,1.4901161193847656e-08
strict-r3,serving,12,batch2_contiguous,0.066559,ok,compiled_cache,0,False,5.960464477539063e-08
strict-r3,serving,12,batch4_contiguous,0.062369,ok,compiled_cache,0,False,5.960464477539063e-08
strict-r3,serving,12,batch2_strided,0.069749,ok,compiled_cache,0,False,5.960464477539063e-08
strict-r3,serving,12,batch3_strided_late,0.140478,rejected,strict_rejection,0,False,
strict-r3,serving,13,batch0_contiguous,0.051839,ok,compiled_cache,0,False,0.0
strict-r3,serving,13,batch1_contiguous,0.065049,ok,compiled_cache,0,False,1.4901161193847656e-08
strict-r3,serving,13,batch2_contiguous,0.067929,ok,compiled_cache,0,False,5.960464477539063e-08
strict-r3,serving,13,batch4_contiguous,0.070059,ok,compiled_cache,0,False,5.960464477539063e-08
strict-r3,serving,13,batch2_strided,0.06815,ok,compiled_cache,0,False,5.960464477539063e-08
strict-r3,serving,13,batch3_strided_late,0.149448,rejected,strict_rejection,0,False,
strict-r3,serving,14,batch0_contiguous,0.06244,ok,compiled_cache,0,False,0.0
strict-r3,serving,14,batch1_contiguous,0.069309,ok,compiled_cache,0,False,1.4901161193847656e-08
strict-r3,serving,14,batch2_contiguous,0.065951,ok,compiled_cache,0,False,5.960464477539063e-08
strict-r3,serving,14,batch4_contiguous,0.06257,ok,compiled_cache,0,False,5.960464477539063e-08
strict-r3,serving,14,batch2_strided,0.079419,ok,compiled_cache,0,False,5.960464477539063e-08
strict-r3,serving,14,batch3_strided_late,0.139578,rejected,strict_rejection,0,False,
strict-r3,serving,15,batch0_contiguous,0.05187,ok,compiled_cache,0,False,0.0
strict-r3,serving,15,batch1_contiguous,0.065799,ok,compiled_cache,0,False,1.4901161193847656e-08
strict-r3,serving,15,batch2_contiguous,0.076749,ok,compiled_cache,0,False,5.960464477539063e-08
strict-r3,serving,15,batch4_contiguous,0.064679,ok,compiled_cache,0,False,5.960464477539063e-08
strict-r3,serving,15,batch2_strided,0.067509,ok,compiled_cache,0,False,5.960464477539063e-08
strict-r3,serving,15,batch3_strided_late,0.142569,rejected,strict_rejection,0,False,
strict-r3,serving,16,batch0_contiguous,0.05318,ok,compiled_cache,0,False,0.0
strict-r3,serving,16,batch1_contiguous,0.06607,ok,compiled_cache,0,False,1.4901161193847656e-08
strict-r3,serving,16,batch2_contiguous,0.064629,ok,compiled_cache,0,False,5.960464477539063e-08
strict-r3,serving,16,batch4_contiguous,0.07311,ok,compiled_cache,0,False,5.960464477539063e-08
strict-r3,serving,16,batch2_strided,0.07621,ok,compiled_cache,0,False,5.960464477539063e-08
strict-r3,serving,16,batch3_strided_late,0.139788,rejected,strict_rejection,0,False,
strict-r3,serving,17,batch0_contiguous,0.050289,ok,compiled_cache,0,False,0.0
strict-r3,serving,17,batch1_contiguous,0.068119,ok,compiled_cache,0,False,1.4901161193847656e-08
strict-r3,serving,17,batch2_contiguous,0.076269,ok,compiled_cache,0,False,5.960464477539063e-08
strict-r3,serving,17,batch4_contiguous,0.063619,ok,compiled_cache,0,False,5.960464477539063e-08
strict-r3,serving,17,batch2_strided,0.06421,ok,compiled_cache,0,False,5.960464477539063e-08
strict-r3,serving,17,batch3_strided_late,0.137758,rejected,strict_rejection,0,False,
strict-r3,serving,18,batch0_contiguous,0.05136,ok,compiled_cache,0,False,0.0
strict-r3,serving,18,batch1_contiguous,0.06544,ok,compiled_cache,0,False,1.4901161193847656e-08
strict-r3,serving,18,batch2_contiguous,0.064459,ok,compiled_cache,0,False,5.960464477539063e-08
strict-r3,serving,18,batch4_contiguous,0.073149,ok,compiled_cache,0,False,5.960464477539063e-08
strict-r3,serving,18,batch2_strided,0.077468,ok,compiled_cache,0,False,5.960464477539063e-08
strict-r3,serving,18,batch3_strided_late,0.140268,rejected,strict_rejection,0,False,
strict-r3,serving,19,batch0_contiguous,0.050849,ok,compiled_cache,0,False,0.0
strict-r3,serving,19,batch1_contiguous,0.066659,ok,compiled_cache,0,False,1.4901161193847656e-08
strict-r3,serving,19,batch2_contiguous,0.090119,ok,compiled_cache,0,False,5.960464477539063e-08
strict-r3,serving,19,batch4_contiguous,0.065329,ok,compiled_cache,0,False,5.960464477539063e-08
strict-r3,serving,19,batch2_strided,0.067698,ok,compiled_cache,0,False,5.960464477539063e-08
strict-r3,serving,19,batch3_strided_late,0.138238,rejected,strict_rejection,0,False,
strict-r3,serving,20,batch0_contiguous,0.057929,ok,compiled_cache,0,False,0.0
strict-r3,serving,20,batch1_contiguous,0.066559,ok,compiled_cache,0,False,1.4901161193847656e-08
strict-r3,serving,20,batch2_contiguous,0.065579,ok,compiled_cache,0,False,5.960464477539063e-08
strict-r3,serving,20,batch4_contiguous,0.074909,ok,compiled_cache,0,False,5.960464477539063e-08
strict-r3,serving,20,batch2_strided,0.127838,ok,compiled_cache,0,False,5.960464477539063e-08
strict-r3,serving,20,batch3_strided_late,0.144658,rejected,strict_rejection,0,False,
strict-r3,serving,21,batch0_contiguous,0.05066,ok,compiled_cache,0,False,0.0
strict-r3,serving,21,batch1_contiguous,0.06766,ok,compiled_cache,0,False,1.4901161193847656e-08
strict-r3,serving,21,batch2_contiguous,0.067269,ok,compiled_cache,0,False,5.960464477539063e-08
strict-r3,serving,21,batch4_contiguous,0.06341,ok,compiled_cache,0,False,5.960464477539063e-08
strict-r3,serving,21,batch2_strided,0.066579,ok,compiled_cache,0,False,5.960464477539063e-08
strict-r3,serving,21,batch3_strided_late,0.151259,rejected,strict_rejection,0,False,
strict-r3,serving,22,batch0_contiguous,0.055208,ok,compiled_cache,0,False,0.0
strict-r3,serving,22,batch1_contiguous,0.066009,ok,compiled_cache,0,False,1.4901161193847656e-08
strict-r3,serving,22,batch2_contiguous,0.068839,ok,compiled_cache,0,False,5.960464477539063e-08
strict-r3,serving,22,batch4_contiguous,0.065239,ok,compiled_cache,0,False,5.960464477539063e-08
strict-r3,serving,22,batch2_strided,0.069089,ok,compiled_cache,0,False,5.960464477539063e-08
strict-r3,serving,22,batch3_strided_late,0.136158,rejected,strict_rejection,0,False,
strict-r3,serving,23,batch0_contiguous,0.05457,ok,compiled_cache,0,False,0.0
strict-r3,serving,23,batch1_contiguous,0.068959,ok,compiled_cache,0,False,1.4901161193847656e-08
strict-r3,serving,23,batch2_contiguous,0.067079,ok,compiled_cache,0,False,5.960464477539063e-08
strict-r3,serving,23,batch4_contiguous,0.063699,ok,compiled_cache,0,False,5.960464477539063e-08
strict-r3,serving,23,batch2_strided,0.069229,ok,compiled_cache,0,False,5.960464477539063e-08
strict-r3,serving,23,batch3_strided_late,0.148138,rejected,strict_rejection,0,False,
strict-r3,serving,24,batch0_contiguous,0.050659,ok,compiled_cache,0,False,0.0
strict-r3,serving,24,batch1_contiguous,0.070659,ok,compiled_cache,0,False,1.4901161193847656e-08
strict-r3,serving,24,batch2_contiguous,0.065989,ok,compiled_cache,0,False,5.960464477539063e-08
strict-r3,serving,24,batch4_contiguous,0.063659,ok,compiled_cache,0,False,5.960464477539063e-08
strict-r3,serving,24,batch2_strided,0.068379,ok,compiled_cache,0,False,5.960464477539063e-08
strict-r3,serving,24,batch3_strided_late,0.139558,rejected,strict_rejection,0,False,
strict-r3,serving,25,batch0_contiguous,0.0539,ok,compiled_cache,0,False,0.0
strict-r3,serving,25,batch1_contiguous,0.07013,ok,compiled_cache,0,False,1.4901161193847656e-08
strict-r3,serving,25,batch2_contiguous,0.073071,ok,compiled_cache,0,False,5.960464477539063e-08
strict-r3,serving,25,batch4_contiguous,0.067079,ok,compiled_cache,0,False,5.960464477539063e-08
strict-r3,serving,25,batch2_strided,0.078639,ok,compiled_cache,0,False,5.960464477539063e-08
strict-r3,serving,25,batch3_strided_late,0.143608,rejected,strict_rejection,0,False,
strict-r3,serving,26,batch0_contiguous,0.056779,ok,compiled_cache,0,False,0.0
strict-r3,serving,26,batch1_contiguous,0.067178,ok,compiled_cache,0,False,1.4901161193847656e-08
strict-r3,serving,26,batch2_contiguous,0.0748,ok,compiled_cache,0,False,5.960464477539063e-08
strict-r3,serving,26,batch4_contiguous,0.076699,ok,compiled_cache,0,False,5.960464477539063e-08
strict-r3,serving,26,batch2_strided,0.073209,ok,compiled_cache,0,False,5.960464477539063e-08
strict-r3,serving,26,batch3_strided_late,0.139888,rejected,strict_rejection,0,False,
strict-r3,serving,27,batch0_contiguous,0.055579,ok,compiled_cache,0,False,0.0
strict-r3,serving,27,batch1_contiguous,0.131498,ok,compiled_cache,0,False,1.4901161193847656e-08
strict-r3,serving,27,batch2_contiguous,0.06984,ok,compiled_cache,0,False,5.960464477539063e-08
strict-r3,serving,27,batch4_contiguous,0.064479,ok,compiled_cache,0,False,5.960464477539063e-08
strict-r3,serving,27,batch2_strided,0.06976,ok,compiled_cache,0,False,5.960464477539063e-08
strict-r3,serving,27,batch3_strided_late,0.142558,rejected,strict_rejection,0,False,
strict-r3,serving,28,batch0_contiguous,0.051439,ok,compiled_cache,0,False,0.0
strict-r3,serving,28,batch1_contiguous,0.065699,ok,compiled_cache,0,False,1.4901161193847656e-08
strict-r3,serving,28,batch2_contiguous,0.067569,ok,compiled_cache,0,False,5.960464477539063e-08
strict-r3,serving,28,batch4_contiguous,0.064359,ok,compiled_cache,0,False,5.960464477539063e-08
strict-r3,serving,28,batch2_strided,0.066839,ok,compiled_cache,0,False,5.960464477539063e-08
strict-r3,serving,28,batch3_strided_late,0.148958,rejected,strict_rejection,0,False,
strict-r3,serving,29,batch0_contiguous,0.062189,ok,compiled_cache,0,False,0.0
strict-r3,serving,29,batch1_contiguous,0.067999,ok,compiled_cache,0,False,1.4901161193847656e-08
strict-r3,serving,29,batch2_contiguous,0.065648,ok,compiled_cache,0,False,5.960464477539063e-08
strict-r3,serving,29,batch4_contiguous,0.063099,ok,compiled_cache,0,False,5.960464477539063e-08
strict-r3,serving,29,batch2_strided,0.078219,ok,compiled_cache,0,False,5.960464477539063e-08
strict-r3,serving,29,batch3_strided_late,0.140048,rejected,strict_rejection,0,False,
strict-r3,serving,30,batch0_contiguous,0.050639,ok,compiled_cache,0,False,0.0
strict-r3,serving,30,batch1_contiguous,0.065599,ok,compiled_cache,0,False,1.4901161193847656e-08
strict-r3,serving,30,batch2_contiguous,0.078899,ok,compiled_cache,0,False,5.960464477539063e-08
strict-r3,serving,30,batch4_contiguous,0.067079,ok,compiled_cache,0,False,5.960464477539063e-08
strict-r3,serving,30,batch2_strided,0.065409,ok,compiled_cache,0,False,5.960464477539063e-08
strict-r3,serving,30,batch3_strided_late,0.140378,rejected,strict_rejection,0,False,
strict-r3,serving,31,batch0_contiguous,0.055539,ok,compiled_cache,0,False,0.0
strict-r3,serving,31,batch1_contiguous,0.068379,ok,compiled_cache,0,False,1.4901161193847656e-08
strict-r3,serving,31,batch2_contiguous,0.06489,ok,compiled_cache,0,False,5.960464477539063e-08
strict-r3,serving,31,batch4_contiguous,0.080088,ok,compiled_cache,0,False,5.960464477539063e-08
strict-r3,serving,31,batch2_strided,0.07124,ok,compiled_cache,0,False,5.960464477539063e-08
strict-r3,serving,31,batch3_strided_late,0.139718,rejected,strict_rejection,0,False,
strict-r3,serving,32,batch0_contiguous,0.053439,ok,compiled_cache,0,False,0.0
strict-r3,serving,32,batch1_contiguous,0.082459,ok,compiled_cache,0,False,1.4901161193847656e-08
strict-r3,serving,32,batch2_contiguous,0.070389,ok,compiled_cache,0,False,5.960464477539063e-08
strict-r3,serving,32,batch4_contiguous,0.064399,ok,compiled_cache,0,False,5.960464477539063e-08
strict-r3,serving,32,batch2_strided,0.065759,ok,compiled_cache,0,False,5.960464477539063e-08
strict-r3,serving,32,batch3_strided_late,0.149798,rejected,strict_rejection,0,False,
strict-r3,serving,33,batch0_contiguous,0.05354,ok,compiled_cache,0,False,0.0
strict-r3,serving,33,batch1_contiguous,0.066769,ok,compiled_cache,0,False,1.4901161193847656e-08
strict-r3,serving,33,batch2_contiguous,0.068069,ok,compiled_cache,0,False,5.960464477539063e-08
strict-r3,serving,33,batch4_contiguous,0.068799,ok,compiled_cache,0,False,5.960464477539063e-08
strict-r3,serving,33,batch2_strided,0.069808,ok,compiled_cache,0,False,5.960464477539063e-08
strict-r3,serving,33,batch3_strided_late,0.139489,rejected,strict_rejection,0,False,
strict-r3,serving,34,batch0_contiguous,0.121428,ok,compiled_cache,0,False,0.0
strict-r3,serving,34,batch1_contiguous,0.069709,ok,compiled_cache,0,False,1.4901161193847656e-08
strict-r3,serving,34,batch2_contiguous,0.066749,ok,compiled_cache,0,False,5.960464477539063e-08
strict-r3,serving,34,batch4_contiguous,0.06311,ok,compiled_cache,0,False,5.960464477539063e-08
strict-r3,serving,34,batch2_strided,0.07945,ok,compiled_cache,0,False,5.960464477539063e-08
strict-r3,serving,34,batch3_strided_late,0.144278,rejected,strict_rejection,0,False,
strict-r3,serving,35,batch0_contiguous,0.05068,ok,compiled_cache,0,False,0.0
strict-r3,serving,35,batch1_contiguous,0.06638,ok,compiled_cache,0,False,1.4901161193847656e-08
strict-r3,serving,35,batch2_contiguous,0.078179,ok,compiled_cache,0,False,5.960464477539063e-08
strict-r3,serving,35,batch4_contiguous,0.067379,ok,compiled_cache,0,False,5.960464477539063e-08
strict-r3,serving,35,batch2_strided,0.066839,ok,compiled_cache,0,False,5.960464477539063e-08
strict-r3,serving,35,batch3_strided_late,0.137988,rejected,strict_rejection,0,False,
strict-r3,serving,36,batch0_contiguous,0.054199,ok,compiled_cache,0,False,0.0
strict-r3,serving,36,batch1_contiguous,0.075099,ok,compiled_cache,0,False,1.4901161193847656e-08
strict-r3,serving,36,batch2_contiguous,0.067449,ok,compiled_cache,0,False,5.960464477539063e-08
strict-r3,serving,36,batch4_contiguous,0.065739,ok,compiled_cache,0,False,5.960464477539063e-08
strict-r3,serving,36,batch2_strided,0.069069,ok,compiled_cache,0,False,5.960464477539063e-08
strict-r3,serving,36,batch3_strided_late,0.140818,rejected,strict_rejection,0,False,
strict-r3,serving,37,batch0_contiguous,0.052859,ok,compiled_cache,0,False,0.0
strict-r3,serving,37,batch1_contiguous,0.066479,ok,compiled_cache,0,False,1.4901161193847656e-08
strict-r3,serving,37,batch2_contiguous,0.067429,ok,compiled_cache,0,False,5.960464477539063e-08
strict-r3,serving,37,batch4_contiguous,0.066219,ok,compiled_cache,0,False,5.960464477539063e-08
strict-r3,serving,37,batch2_strided,0.0669,ok,compiled_cache,0,False,5.960464477539063e-08
strict-r3,serving,37,batch3_strided_late,0.138458,rejected,strict_rejection,0,False,
strict-r3,serving,38,batch0_contiguous,0.051919,ok,compiled_cache,0,False,0.0
strict-r3,serving,38,batch1_contiguous,0.06765,ok,compiled_cache,0,False,1.4901161193847656e-08
strict-r3,serving,38,batch2_contiguous,0.07089,ok,compiled_cache,0,False,5.960464477539063e-08
strict-r3,serving,38,batch4_contiguous,0.062939,ok,compiled_cache,0,False,5.960464477539063e-08
strict-r3,serving,38,batch2_strided,0.06904,ok,compiled_cache,0,False,5.960464477539063e-08
strict-r3,serving,38,batch3_strided_late,0.137528,rejected,strict_rejection,0,False,
strict-r3,serving,39,batch0_contiguous,0.051899,ok,compiled_cache,0,False,0.0
strict-r3,serving,39,batch1_contiguous,0.065319,ok,compiled_cache,0,False,1.4901161193847656e-08
strict-r3,serving,39,batch2_contiguous,0.07104,ok,compiled_cache,0,False,5.960464477539063e-08
strict-r3,serving,39,batch4_contiguous,0.068759,ok,compiled_cache,0,False,5.960464477539063e-08
strict-r3,serving,39,batch2_strided,0.06633,ok,compiled_cache,0,False,5.960464477539063e-08
strict-r3,serving,39,batch3_strided_late,0.146008,rejected,strict_rejection,0,False,
strict-r3,serving,40,batch0_contiguous,0.056688,ok,compiled_cache,0,False,0.0
strict-r3,serving,40,batch1_contiguous,0.066708,ok,compiled_cache,0,False,1.4901161193847656e-08
strict-r3,serving,40,batch2_contiguous,0.06628,ok,compiled_cache,0,False,5.960464477539063e-08
strict-r3,serving,40,batch4_contiguous,0.062679,ok,compiled_cache,0,False,5.960464477539063e-08
strict-r3,serving,40,batch2_strided,0.079309,ok,compiled_cache,0,False,5.960464477539063e-08
strict-r3,serving,40,batch3_strided_late,0.139008,rejected,strict_rejection,0,False,
strict-r3,serving,41,batch0_contiguous,0.105909,ok,compiled_cache,0,False,0.0
strict-r3,serving,41,batch1_contiguous,0.06794,ok,compiled_cache,0,False,1.4901161193847656e-08
strict-r3,serving,41,batch2_contiguous,0.075879,ok,compiled_cache,0,False,5.960464477539063e-08
strict-r3,serving,41,batch4_contiguous,0.064699,ok,compiled_cache,0,False,5.960464477539063e-08
strict-r3,serving,41,batch2_strided,0.067239,ok,compiled_cache,0,False,5.960464477539063e-08
strict-r3,serving,41,batch3_strided_late,0.141798,rejected,strict_rejection,0,False,
strict-r3,serving,42,batch0_contiguous,0.05324,ok,compiled_cache,0,False,0.0
strict-r3,serving,42,batch1_contiguous,0.06515,ok,compiled_cache,0,False,1.4901161193847656e-08
strict-r3,serving,42,batch2_contiguous,0.064468,ok,compiled_cache,0,False,5.960464477539063e-08
strict-r3,serving,42,batch4_contiguous,0.06679,ok,compiled_cache,0,False,5.960464477539063e-08
strict-r3,serving,42,batch2_strided,0.068339,ok,compiled_cache,0,False,5.960464477539063e-08
strict-r3,serving,42,batch3_strided_late,0.138469,rejected,strict_rejection,0,False,
strict-r3,serving,43,batch0_contiguous,0.05003,ok,compiled_cache,0,False,0.0
strict-r3,serving,43,batch1_contiguous,0.075869,ok,compiled_cache,0,False,1.4901161193847656e-08
strict-r3,serving,43,batch2_contiguous,0.07301,ok,compiled_cache,0,False,5.960464477539063e-08
strict-r3,serving,43,batch4_contiguous,0.06475,ok,compiled_cache,0,False,5.960464477539063e-08
strict-r3,serving,43,batch2_strided,0.064439,ok,compiled_cache,0,False,5.960464477539063e-08
strict-r3,serving,43,batch3_strided_late,0.148838,rejected,strict_rejection,0,False,
strict-r3,serving,44,batch0_contiguous,0.053949,ok,compiled_cache,0,False,0.0
strict-r3,serving,44,batch1_contiguous,0.066689,ok,compiled_cache,0,False,1.4901161193847656e-08
strict-r3,serving,44,batch2_contiguous,0.064088,ok,compiled_cache,0,False,5.960464477539063e-08
strict-r3,serving,44,batch4_contiguous,0.064048,ok,compiled_cache,0,False,5.960464477539063e-08
strict-r3,serving,44,batch2_strided,0.073279,ok,compiled_cache,0,False,5.960464477539063e-08
strict-r3,serving,44,batch3_strided_late,0.134929,rejected,strict_rejection,0,False,
strict-r3,serving,45,batch0_contiguous,0.050389,ok,compiled_cache,0,False,0.0
strict-r3,serving,45,batch1_contiguous,0.070029,ok,compiled_cache,0,False,1.4901161193847656e-08
strict-r3,serving,45,batch2_contiguous,0.069599,ok,compiled_cache,0,False,5.960464477539063e-08
strict-r3,serving,45,batch4_contiguous,0.06347,ok,compiled_cache,0,False,5.960464477539063e-08
strict-r3,serving,45,batch2_strided,0.066179,ok,compiled_cache,0,False,5.960464477539063e-08
strict-r3,serving,45,batch3_strided_late,0.153628,rejected,strict_rejection,0,False,
strict-r3,serving,46,batch0_contiguous,0.051669,ok,compiled_cache,0,False,0.0
strict-r3,serving,46,batch1_contiguous,0.066459,ok,compiled_cache,0,False,1.4901161193847656e-08
strict-r3,serving,46,batch2_contiguous,0.070139,ok,compiled_cache,0,False,5.960464477539063e-08
strict-r3,serving,46,batch4_contiguous,0.065159,ok,compiled_cache,0,False,5.960464477539063e-08
strict-r3,serving,46,batch2_strided,0.068839,ok,compiled_cache,0,False,5.960464477539063e-08
strict-r3,serving,46,batch3_strided_late,0.139078,rejected,strict_rejection,0,False,
strict-r3,serving,47,batch0_contiguous,0.053969,ok,compiled_cache,0,False,0.0
strict-r3,serving,47,batch1_contiguous,0.069059,ok,compiled_cache,0,False,1.4901161193847656e-08
strict-r3,serving,47,batch2_contiguous,0.067339,ok,compiled_cache,0,False,5.960464477539063e-08
strict-r3,serving,47,batch4_contiguous,0.061419,ok,compiled_cache,0,False,5.960464477539063e-08
strict-r3,serving,47,batch2_strided,0.079659,ok,compiled_cache,0,False,5.960464477539063e-08
strict-r3,serving,47,batch3_strided_late,0.186857,rejected,strict_rejection,0,False,
strict-r3,serving,48,batch0_contiguous,0.05155,ok,compiled_cache,0,False,0.0
strict-r3,serving,48,batch1_contiguous,0.066809,ok,compiled_cache,0,False,1.4901161193847656e-08
strict-r3,serving,48,batch2_contiguous,0.080299,ok,compiled_cache,0,False,5.960464477539063e-08
strict-r3,serving,48,batch4_contiguous,0.069878,ok,compiled_cache,0,False,5.960464477539063e-08
strict-r3,serving,48,batch2_strided,0.066759,ok,compiled_cache,0,False,5.960464477539063e-08
strict-r3,serving,48,batch3_strided_late,0.150938,rejected,strict_rejection,0,False,
strict-r3,serving,49,batch0_contiguous,0.054359,ok,compiled_cache,0,False,0.0
strict-r3,serving,49,batch1_contiguous,0.068839,ok,compiled_cache,0,False,1.4901161193847656e-08
strict-r3,serving,49,batch2_contiguous,0.068879,ok,compiled_cache,0,False,5.960464477539063e-08
strict-r3,serving,49,batch4_contiguous,0.062939,ok,compiled_cache,0,False,5.960464477539063e-08
strict-r3,serving,49,batch2_strided,0.06782,ok,compiled_cache,0,False,5.960464477539063e-08
strict-r3,serving,49,batch3_strided_late,0.135358,rejected,strict_rejection,0,False,
